	Date	Name	Text	Compound	Positive	Negative	Neutral	Tweets Ago
199	Fri Jun 08 13:58:15 +0000 2018	@CBS	We all get by with a little help from our friends, so what better way to celebrate #NationalBestFriendsDay than to‚Ä¶ https://t.co/pIZezbBwaT	0.9078	0.436	0.564	0.0	200
198	Fri Jun 08 15:00:03 +0000 2018	@CBS	Here's @laChanze with a reminder that you can stream the #TonyAwards this Sunday on CBS All Access! https://t.co/8TDEXzKmyQ	0.0	0.0	1.0	0.0	199
197	Fri Jun 08 19:46:17 +0000 2018	@CBS	Join @etnow's @DDirecto this Sunday on the #TonyAwards' red carpet. https://t.co/7jS8g10KmY	0.296	0.18	0.82	0.0	198
110	Fri Jun 15 18:48:29 +0000 2018	@CBS	Casting Alert! @paulwesley, @DaniaJRamirez &amp; @JamesWolk are set to star in the upcoming CBS All Access psychologica‚Ä¶ https://t.co/JnZMrzT92n	0.3595	0.128	0.872	0.0	111
130	Fri Jun 15 18:48:29 +0000 2018	@CBS	Casting Alert! @paulwesley, @DaniaJRamirez &amp; @JamesWolk are set to star in the upcoming CBS All Access psychologica‚Ä¶ https://t.co/JnZMrzT92n	0.3595	0.128	0.872	0.0	131
124	Fri Jun 22 18:33:53 +0000 2018	@CBS	Every day is #TakeYourDogToWorkDay for shows like @HawaiiFive0CBS, @MomCBS, @SEALTeamCBS, and @bigbangtheory! https://t.co/DJaOt1VQcw	0.4199	0.189	0.811	0.0	125
104	Fri Jun 22 18:33:53 +0000 2018	@CBS	Every day is #TakeYourDogToWorkDay for shows like @HawaiiFive0CBS, @MomCBS, @SEALTeamCBS, and @bigbangtheory! https://t.co/DJaOt1VQcw	0.4199	0.189	0.811	0.0	105
123	Fri Jun 22 21:19:06 +0000 2018	@CBS	Tonight's the night! Don't miss model @ashleygraham on the season finale of Celebrity @undercover_cbs at 8/7c. https://t.co/iBxAOcOF7a	0.1867	0.098	0.902	0.0	124
103	Fri Jun 22 21:19:06 +0000 2018	@CBS	Tonight's the night! Don't miss model @ashleygraham on the season finale of Celebrity @undercover_cbs at 8/7c. https://t.co/iBxAOcOF7a	0.1867	0.098	0.902	0.0	104
47	Fri Jun 29 07:00:12 +0000 2018	@BBC	üêõüòÇ Have you ever tried worm charming? https://t.co/S8BPzCmE8N	0.5859	0.352	0.648	0.0	48
46	Fri Jun 29 07:29:06 +0000 2018	@BBC	New research shows that our views, even on politics, are changing all the time... just not for the reasons you‚Äôd ex‚Ä¶ https://t.co/iMz9pEItxv	0.0	0.0	1.0	0.0	47
45	Fri Jun 29 08:00:12 +0000 2018	@BBC	‚ôªÔ∏èüíµüá¨üá≠ Turning plastic trash into cash in Ghana. https://t.co/v3CTho7nnD	0.0	0.0	1.0	0.0	46
44	Fri Jun 29 09:56:50 +0000 2018	@BBC	RT @bbcthree: Endometriosis feels like being punched in the vagina with sharp knives. #HearHer https://t.co/pOuZyJObic	0.3612	0.152	0.848	0.0	45
43	Fri Jun 29 11:03:07 +0000 2018	@BBC	"‚ö°Ô∏è How it feels to be hit by lightning + other one in a million chances.
üëâ https://t.co/KXzFEzk1rI https://t.co/ZTWl0ZOE0m"	0.2023	0.107	0.893	0.0	44
42	Fri Jun 29 12:00:19 +0000 2018	@BBC	"ü§î How many mysterious body parts can you identify from these hyper zoomed in photos?
#JuniorDoctors https://t.co/miuPM0KycI"	0.0	0.0	1.0	0.0	43
41	Fri Jun 29 12:51:35 +0000 2018	@BBC	RT @bbcarts: Meet the six new musicians from around the globe who have been selected to join @BBCRadio3's prestigious New Generation Artist‚Ä¶	0.296	0.095	0.905	0.0	42
40	Fri Jun 29 13:01:05 +0000 2018	@BBC	"üò≠‚ô•Ô∏è A cleaner at @BristolUni has been gifted ¬£1,500 after students crowdfunded the money to send him to Jamaica.
üëâ‚Ä¶ https://t.co/RDpCFhIj9j"	0.1779	0.082	0.918	0.0	41
39	Fri Jun 29 15:05:41 +0000 2018	@BBC	"RT @bbcthree: Terrifying ‚úÖ
Awkward  ‚úÖ
Disappointing  ‚úÖ

Turns out @rachelparris' Tinder experience was exactly like everyone else's https:/‚Ä¶"	-0.7184	0.109	0.522	0.37	40
19	Fri Jun 29 15:05:41 +0000 2018	@BBC	"RT @bbcthree: Terrifying ‚úÖ
Awkward  ‚úÖ
Disappointing  ‚úÖ

Turns out @rachelparris' Tinder experience was exactly like everyone else's https:/‚Ä¶"	-0.7184	0.109	0.522	0.37	20
38	Fri Jun 29 15:18:58 +0000 2018	@BBC	"üèáüí® Leaving work on a Friday like...
#FridayFeeling https://t.co/3sGXNH5eqM"	0.0	0.0	1.0	0.0	39
18	Fri Jun 29 15:18:58 +0000 2018	@BBC	"üèáüí® Leaving work on a Friday like...
#FridayFeeling https://t.co/3sGXNH5eqM"	0.0	0.0	1.0	0.0	19
17	Fri Jun 29 18:01:04 +0000 2018	@BBC	üòÇ Dropping MAJOR hints that you want a lift‚Ä¶ https://t.co/BC9bJWyOky	0.0772	0.157	0.843	0.0	18
37	Fri Jun 29 18:01:04 +0000 2018	@BBC	üòÇ Dropping MAJOR hints that you want a lift‚Ä¶ https://t.co/BC9bJWyOky	0.0772	0.157	0.843	0.0	38
190	Mon Jun 11 00:04:15 +0000 2018	@CBS	‚ú® @joshgroban and @SaraBareilles take the stage to begin an unforgettable evening. #TonyAwards https://t.co/y9uzlK2DzO	0.0	0.0	1.0	0.0	191
189	Mon Jun 11 00:06:39 +0000 2018	@CBS	"RT @nightingalen: Love this opening song! @joshgroban
@SaraBarreilles 
#TonyAwards"	0.6696	0.36	0.64	0.0	190
188	Mon Jun 11 00:12:31 +0000 2018	@CBS	Andrew Garfield wins Best Leading Actor in a Play. #TonyAwards @angelsbway https://t.co/s2VQnw6IPP	0.8834	0.563	0.437	0.0	189
187	Mon Jun 11 00:13:27 +0000 2018	@CBS	"RT @MichaelJMoritz: ""We are all made perfectly and we all belong‚Äù - Andrew Garfield #TonyAwards"	0.6369	0.244	0.756	0.0	188
186	Mon Jun 11 00:18:16 +0000 2018	@CBS	On Wednesdays they wear pink and on Sundays they perform at the #TonyAwards. üíï Who thought that performance by the‚Ä¶ https://t.co/w7QDkaX6kF	0.0	0.0	1.0	0.0	187
185	Mon Jun 11 00:22:15 +0000 2018	@CBS	RT @misschae: I love theatre so much. #TonyAwards	0.6369	0.412	0.588	0.0	186
184	Mon Jun 11 00:22:15 +0000 2018	@CBS	Representing the hardest-working men and women in Broadway‚Ä¶¬†ensemble members from every nominated musical tonight!‚Ä¶ https://t.co/imlEEnOUla	0.0	0.0	1.0	0.0	185
183	Mon Jun 11 00:24:31 +0000 2018	@CBS	Tina Fey has a boat?? #MeanGirls #TonyAwards https://t.co/phYxmHMd3d	0.0	0.0	1.0	0.0	184
182	Mon Jun 11 00:27:00 +0000 2018	@CBS	Laurie Metcalf wins Best Featured Actress in a Play! #TonyAwards @threetallwomen https://t.co/y4teyJaRPs	0.8908	0.57	0.43	0.0	183
181	Mon Jun 11 00:27:42 +0000 2018	@CBS	RT @marialena_rago: I like this opener for @MyFairLadyBway #TonyAwards	0.3612	0.263	0.737	0.0	182
180	Mon Jun 11 00:31:28 +0000 2018	@CBS	If you haven't started singing, you will be the rest of the night. #TonyAwards #MyFairLady https://t.co/jbGXwnru8N	0.0	0.0	1.0	0.0	181
179	Mon Jun 11 00:34:45 +0000 2018	@CBS	Keep your acceptance speeches short or else the #TonyAwards will get the angels involved. #AngelsInAmerica üëº https://t.co/oznhezRzDc	0.4588	0.167	0.833	0.0	180
178	Mon Jun 11 00:35:41 +0000 2018	@CBS	"RT @CBSThisMorning: ""We know there are a lot of you out there who have photos of yourself in school plays or community theater."" Post your‚Ä¶"	0.25	0.08	0.92	0.0	179
177	Mon Jun 11 00:44:36 +0000 2018	@CBS	Can the 73rd annual #TonyAwards just be three-hours of @TitussBurgess? https://t.co/3rCZwwTUtv	0.0	0.0	1.0	0.0	178
176	Mon Jun 11 00:45:14 +0000 2018	@CBS	A big congratulations to @springsteen for his Special Tony award! ‚ú®¬†#TonyAwards https://t.co/i16u8uv9aT	0.8858	0.565	0.435	0.0	177
175	Mon Jun 11 00:50:18 +0000 2018	@CBS	‚ú® @LindsayMendez wins Best Featured Actress in a Musical! #TonyAwards @carouselbway https://t.co/MtgFowscN5	0.8478	0.506	0.494	0.0	176
174	Mon Jun 11 00:51:11 +0000 2018	@CBS	Who lives in a pineapple and just performed at The Tonys? üççüé∂ The cast of SpongeBob SquarePants: The Musical!‚Ä¶ https://t.co/mvFxdh9UJi	0.0	0.0	1.0	0.0	175
173	Mon Jun 11 00:52:34 +0000 2018	@CBS	RT @adub369: This is unbelievable! @SaraBareilles and @joshgroban #TonyAwards	0.2714	0.207	0.793	0.0	174
172	Mon Jun 11 00:58:06 +0000 2018	@CBS	üåü¬†@joshgroban and @SaraBareilles are Host Goals. üåü #TonyAwards https://t.co/OGQec8cXJ6	0.0	0.0	1.0	0.0	173
171	Mon Jun 11 01:02:47 +0000 2018	@CBS	Nathan Lane wins Best Featured Actor in a Play. #TonyAwards @angelsbway https://t.co/xc8M7JtLDE	0.8834	0.563	0.437	0.0	172
170	Mon Jun 11 01:08:24 +0000 2018	@CBS	Nathan Lane saw his #AngelsinAmerica role as a challenge. How will you challenge yourself in 2018? #TonyAwards https://t.co/3WXd6AqgBi	0.1531	0.148	0.852	0.0	171
169	Mon Jun 11 01:08:28 +0000 2018	@CBS	RT if that musical number by the cast of Carousel blew you away! #TonyAwards https://t.co/CMzMNtcAQO	0.1511	0.102	0.898	0.0	170
168	Mon Jun 11 01:12:31 +0000 2018	@CBS	RT @McBenefit: I love everything about you @UzoAduba. #TonyAwards	0.6369	0.375	0.625	0.0	169
167	Mon Jun 11 01:19:59 +0000 2018	@CBS	So many feels at the #TonyAwards. Congratulations to @arielstachel for winning Best Featured Actor in a Musical!‚Ä¶ https://t.co/m1aRNIHPRK	0.9151	0.457	0.543	0.0	168
166	Mon Jun 11 01:24:12 +0000 2018	@CBS	.@Matt_Morrison welcomes the Marjory Stoneman Douglas High School theatre department to the stage. #TonyAwards https://t.co/5dxa9smeka	0.4019	0.162	0.838	0.0	167
165	Mon Jun 11 01:24:46 +0000 2018	@CBS	Such a touching moment at the #TonyAwards. ‚ù§Ô∏è https://t.co/4kJWTHVPZ8	0.0	0.0	1.0	0.0	166
164	Mon Jun 11 01:25:59 +0000 2018	@CBS	RT @KatLargent: MAGIC #TonyAwards	0.0	0.0	1.0	0.0	165
163	Mon Jun 11 01:26:03 +0000 2018	@CBS	RT @IzzyNY202: How impressive are these Marjory Stoneman Douglas students? That #TonyAwards performance reduced me to tears. Amazing.	0.7351	0.296	0.625	0.079	164
162	Mon Jun 11 01:29:21 +0000 2018	@CBS	.@SaraBareilles is totally a Gryffindor. #TonyAwards https://t.co/OPQ7esk2dn	0.0	0.0	1.0	0.0	163
161	Mon Jun 11 01:30:56 +0000 2018	@CBS	Glenda Jackson wins Best Leading Actress in a Play. #TonyAwards @threetallwomen https://t.co/GRp1gcBuiW	0.8834	0.563	0.437	0.0	162
160	Mon Jun 11 01:37:36 +0000 2018	@CBS	RT @anna_villanueva: Magnificent performance from the cast of @FrozenBroadway! #TonyAwards2018 #TonyAwards #Tonys	0.636	0.276	0.724	0.0	161
159	Mon Jun 11 01:38:23 +0000 2018	@CBS	If only this performance could go on forever. #TonyAwards @FrozenBroadway https://t.co/p2BMUvyTxr	0.0	0.0	1.0	0.0	160
158	Mon Jun 11 01:51:16 +0000 2018	@CBS	RT @Valerie4815: What a birthday present, the Tony audience singing happy birthday to you!! #TonyAwards	0.6467	0.248	0.752	0.0	159
157	Mon Jun 11 01:53:17 +0000 2018	@CBS	RT @hjmayer8: I sure do love @DearEvanHansen üíô #TonyAwards	0.7579	0.565	0.435	0.0	158
156	Mon Jun 11 01:58:48 +0000 2018	@CBS	@writerlindsayb You're welcome! #TonyAwards	0.5093	0.523	0.477	0.0	157
155	Mon Jun 11 02:03:31 +0000 2018	@CBS	Hope he brought enough birthday cake for everyone! #TonyAwards https://t.co/FlLbKV6oj8	0.4926	0.262	0.738	0.0	156
154	Mon Jun 11 02:05:47 +0000 2018	@CBS	üé∂ ‚ÄúLet's dance this last dance tonight.‚Äù üé∂ #TonyAwards #DonnaSummerMusical https://t.co/UAIaglChfv	0.0	0.0	1.0	0.0	155
153	Mon Jun 11 02:11:03 +0000 2018	@CBS	Harry Potter and the Cursed Child wins Best Play at the #TonyAwards! @HPPlayNYC https://t.co/WIqJQmtAlN	0.8908	0.491	0.509	0.0	154
152	Mon Jun 11 02:16:06 +0000 2018	@CBS	That performance was the GOAT. #TonyAwards https://t.co/mtoU92HipQ	0.0	0.0	1.0	0.0	153
151	Mon Jun 11 02:21:03 +0000 2018	@CBS	RT @leahableson: The Once On This Island Goat And Chicken made it to the broadcast, Mama WILL provide #TonyAwards	0.0	0.0	1.0	0.0	152
150	Mon Jun 11 02:23:56 +0000 2018	@CBS	Angels in America takes the win for Best Revival of a Play! #TonyAwards https://t.co/zodW61tw8a	0.8932	0.517	0.483	0.0	151
149	Mon Jun 11 02:29:18 +0000 2018	@CBS	"""I'm a living example of how theatre can change you - and it didn't just change me, it saved me."" @JohnLeguizamo at‚Ä¶ https://t.co/4ICwMhb6hv"	0.4215	0.123	0.877	0.0	150
148	Mon Jun 11 02:33:09 +0000 2018	@CBS	What a beautiful performance by the cast of #TheBandsVisit. #TonyAwards https://t.co/4Hw96kZvrf	0.5994	0.302	0.698	0.0	149
147	Mon Jun 11 02:44:37 +0000 2018	@CBS	The feeling when you win a Tony. üôå¬†Congratulations to Once on This Island for winning Best Revival of a Musical!‚Ä¶ https://t.co/UpFCqgBTwh	0.9523	0.55	0.45	0.0	148
146	Mon Jun 11 02:44:50 +0000 2018	@CBS	Inspiration: Get to your YES! #OnceOnThisIsland #TonyAwards https://t.co/Wjp0QIWfXq	0.7978	0.543	0.457	0.0	147
145	Mon Jun 11 02:47:29 +0000 2018	@CBS	RT @Aatamianphoto: Springsteen is on the #TonyAwards and I love it.	0.6369	0.318	0.682	0.0	146
144	Mon Jun 11 02:53:00 +0000 2018	@CBS	The Boss looks right at home on the #TonyAwards stage! https://t.co/pwjv4iydkn	0.0	0.0	1.0	0.0	145
143	Mon Jun 11 02:56:10 +0000 2018	@CBS	Tony Shalhoub wins Best Leading Actor in a Musical. #TonyAwards   #TheBandsVisit https://t.co/KcUDSicKI5	0.836	0.467	0.533	0.0	144
142	Mon Jun 11 02:56:40 +0000 2018	@CBS	RT @_stobin13: watching the #TonyAwards after going to 3 broadway shows this weekend makes it even better üòçü§©	0.4404	0.153	0.847	0.0	143
141	Mon Jun 11 02:58:30 +0000 2018	@CBS	"RT @CBSThisMorning: Hmm... something seems off here @SaraBareilles @JoshGroban. üòÇ

@WaitressMusical @GreatCometBway #TonyAwards https://t.c‚Ä¶"	0.0	0.0	1.0	0.0	142
140	Mon Jun 11 03:02:06 +0000 2018	@CBS	Congratulations are in order for @TheKatrinaLenk! She just won for Best Leading Actress in a Musical. #TonyAwards https://t.co/t9bNvpiEmH	0.92	0.463	0.537	0.0	141
139	Mon Jun 11 03:10:33 +0000 2018	@CBS	An end to a magical evening. The Band's Visit wins for Best Musical! #TonyAwards https://t.co/ODza97n8YH	0.8478	0.406	0.594	0.0	140
119	Mon Jun 11 03:10:33 +0000 2018	@CBS	An end to a magical evening. The Band's Visit wins for Best Musical! #TonyAwards https://t.co/ODza97n8YH	0.8478	0.406	0.594	0.0	120
138	Mon Jun 11 06:04:41 +0000 2018	@CBS	See the complete list of winners from the 2018 #TonyAwards: https://t.co/9XK6CGeber https://t.co/HkUIN4Quej	0.4767	0.22	0.78	0.0	139
118	Mon Jun 11 06:04:41 +0000 2018	@CBS	See the complete list of winners from the 2018 #TonyAwards: https://t.co/9XK6CGeber https://t.co/HkUIN4Quej	0.4767	0.22	0.78	0.0	119
137	Mon Jun 11 06:19:36 +0000 2018	@CBS	Here are all the performances from the 2018 #TonyAwards: https://t.co/gN4ItpFlRd https://t.co/fSMNBXKC9r	0.0	0.0	1.0	0.0	138
117	Mon Jun 11 06:19:36 +0000 2018	@CBS	Here are all the performances from the 2018 #TonyAwards: https://t.co/gN4ItpFlRd https://t.co/fSMNBXKC9r	0.0	0.0	1.0	0.0	118
136	Mon Jun 11 14:00:37 +0000 2018	@CBS	How do you know @SaraBareilles and @joshgroban's music? #TonyAwards https://t.co/POMXBORfUT	0.0	0.0	1.0	0.0	137
116	Mon Jun 11 14:00:37 +0000 2018	@CBS	How do you know @SaraBareilles and @joshgroban's music? #TonyAwards https://t.co/POMXBORfUT	0.0	0.0	1.0	0.0	117
135	Mon Jun 11 19:01:38 +0000 2018	@CBS	In case you missed it, watch the entire #TonyAwards now: https://t.co/Bm0yNV3Ff3 https://t.co/3GA5otlcPa	-0.296	0.0	0.833	0.167	136
115	Mon Jun 11 19:01:38 +0000 2018	@CBS	In case you missed it, watch the entire #TonyAwards now: https://t.co/Bm0yNV3Ff3 https://t.co/3GA5otlcPa	-0.296	0.0	0.833	0.167	116
114	Mon Jun 11 22:23:06 +0000 2018	@CBS	RT @TheNeighborhood: Welcome to #TheNeighborhood, @BethBehrs! The @2BrokeGirls star returns to @CBS in a new sitcom alongside @CedEntertain‚Ä¶	0.5093	0.171	0.829	0.0	115
134	Mon Jun 11 22:23:06 +0000 2018	@CBS	RT @TheNeighborhood: Welcome to #TheNeighborhood, @BethBehrs! The @2BrokeGirls star returns to @CBS in a new sitcom alongside @CedEntertain‚Ä¶	0.5093	0.171	0.829	0.0	135
108	Mon Jun 18 15:00:46 +0000 2018	@CBS	RT @CBSBigBrother: Meet the cast of #BB20... before anyone else! Start streaming all their live interviews beginning at 11am EST/8am PST on‚Ä¶	0.0	0.0	1.0	0.0	109
128	Mon Jun 18 15:00:46 +0000 2018	@CBS	RT @CBSBigBrother: Meet the cast of #BB20... before anyone else! Start streaming all their live interviews beginning at 11am EST/8am PST on‚Ä¶	0.0	0.0	1.0	0.0	129
107	Mon Jun 18 20:27:50 +0000 2018	@CBS	Time to make your predictions for #BB20! üëè Get to know the @CBSBigBrother Houseguests before the big premiere next‚Ä¶ https://t.co/jlpIchJ9sk	0.0	0.0	1.0	0.0	108
127	Mon Jun 18 20:27:50 +0000 2018	@CBS	Time to make your predictions for #BB20! üëè Get to know the @CBSBigBrother Houseguests before the big premiere next‚Ä¶ https://t.co/jlpIchJ9sk	0.0	0.0	1.0	0.0	128
99	Mon Jun 25 13:03:07 +0000 2018	@BBC	"üê∂üòç They're all beautiful in our eyes! 
#WorldsUgliestDog https://t.co/qrQgVqtwt4"	0.636	0.344	0.656	0.0	100
98	Mon Jun 25 13:48:41 +0000 2018	@BBC	"RT @bbcarts: If you‚Äôre from the North this will make you well up with pride. ‚ù§Ô∏è
@lemnsissay delivers an impassioned reading of the poem he‚Ä¶"	0.5423	0.164	0.836	0.0	99
97	Mon Jun 25 14:57:32 +0000 2018	@BBC	RT @BBCTwo: brb just gonna pop inside for some fresh air... ‚òÄÔ∏èüò∞ https://t.co/rlTBirEDF2	0.3182	0.161	0.839	0.0	98
96	Mon Jun 25 15:01:34 +0000 2018	@BBC	RT @BBCTwo: SO much tension between Louis and the Queen! üò¨üëëüá´üá∑ #Versailles https://t.co/mT2tDG3Hen	-0.5524	0.0	0.771	0.229	97
95	Mon Jun 25 16:02:03 +0000 2018	@BBC	"üôåüòÇ Well, that escalated quickly.
#HearHer #LiveAtTheApollo  https://t.co/4Bfa81zCSI"	0.2732	0.231	0.769	0.0	96
94	Mon Jun 25 17:31:08 +0000 2018	@BBC	Two teams of junior doctors from teaching hospitals around Britain go head to head in a medical-themed quiz show. üè•‚Ä¶ https://t.co/1z99Ax1RcK	0.0	0.0	1.0	0.0	95
93	Mon Jun 25 18:03:04 +0000 2018	@BBC	‚ú® These women are ditching their straighteners and embracing their natural hair. https://t.co/BTgEiHth2E	0.3612	0.185	0.815	0.0	94
102	Mon Jun 25 18:20:25 +0000 2018	@CBS	The world will finally know the truth. ‚òÑÔ∏è Make sure to tune in to the heart-pounding Season 2 premiere of‚Ä¶ https://t.co/mqMleW90DY	0.5574	0.204	0.796	0.0	103
122	Mon Jun 25 18:20:25 +0000 2018	@CBS	The world will finally know the truth. ‚òÑÔ∏è Make sure to tune in to the heart-pounding Season 2 premiere of‚Ä¶ https://t.co/mqMleW90DY	0.5574	0.204	0.796	0.0	123
196	Sat Jun 09 16:00:00 +0000 2018	@CBS	Here's everything you need to know before watching the #TonyAwards this Sunday at 8/7c: https://t.co/jcRgNGmLUZ https://t.co/8suUhVPFK6	0.0	0.0	1.0	0.0	197
195	Sat Jun 09 21:00:02 +0000 2018	@CBS	These two know a thing or two about awards! Watch them light up the stage tomorrow at the #TonyAwards. ‚ú® https://t.co/KHVZp65oLS	0.5093	0.155	0.845	0.0	196
299	Sat Jun 30 00:57:38 +0000 2018	@CNN	Democrats are about to fight like crazy | By Paul Begala via @CNNOpinion https://t.co/00P2ZmSuqL https://t.co/QtqQUbVOWD	-0.3612	0.135	0.595	0.27	300
298	Sat Jun 30 01:00:50 +0000 2018	@CNN	The prank call with President Donald Trump that a comedian claims he partook in while pretending to be Sen. Bob Men‚Ä¶ https://t.co/qRSzz7C9qL	0.4588	0.174	0.826	0.0	299
297	Sat Jun 30 01:01:59 +0000 2018	@CNN	"RT @AC360: ""He understood that the key to success as a human being and certainly to success as a journalist is to remember your humanity,""‚Ä¶"	0.8689	0.329	0.671	0.0	298
296	Sat Jun 30 01:09:05 +0000 2018	@CNN	7 days in the dark: How the Thailand cave search unfolded https://t.co/IGRIAFQC1r https://t.co/fjLdvVOxoj	0.0	0.0	1.0	0.0	297
295	Sat Jun 30 01:20:06 +0000 2018	@CNN	A man was arrested in Los Angeles on charges of threatening to murder the family of FCC Chairman Ajit Pai, accordin‚Ä¶ https://t.co/hP77xGllJ3	-0.9231	0.0	0.561	0.439	296
294	Sat Jun 30 01:27:08 +0000 2018	@CNN	"RT @AC360: In response to a shooting at a Maryland newspaper, President Trump said that journalists should not have to worry about being ""v‚Ä¶"	0.3412	0.103	0.897	0.0	295
293	Sat Jun 30 01:27:28 +0000 2018	@CNN	"RT @AC360: President Trump removing US troops from Germany ""would be an amazing Christmas in July present for Putin,"" says Council on Forei‚Ä¶"	0.5859	0.147	0.853	0.0	294
292	Sat Jun 30 01:31:03 +0000 2018	@CNN	"""Happy Mother's Day."" That's what an ICE officer mockingly told a Guatemalan woman seeking asylum in the United Sta‚Ä¶ https://t.co/KJv4JixMFX"	0.7579	0.277	0.723	0.0	293
291	Sat Jun 30 01:37:03 +0000 2018	@CNN	"RT @CuomoPrimeTime: Oakland Mayor Libby Schaaf says ICE should be abolished: ""I think that it is a failed experiment, and that we have to m‚Ä¶"	-0.5106	0.0	0.875	0.125	292
290	Sat Jun 30 01:41:05 +0000 2018	@CNN	Kevin Hassett, chair of a WH panel that provides President Trump with economic advice, told CNN's Erin Burnett that‚Ä¶ https://t.co/tnrTyB7j7Q	0.0	0.0	1.0	0.0	291
289	Sat Jun 30 01:51:08 +0000 2018	@CNN	Chinese tech equipment maker ZTE has replaced its entire board, fulfilling another part of the deal it made with th‚Ä¶ https://t.co/CVisoigWZM	0.0	0.0	1.0	0.0	290
288	Sat Jun 30 01:53:53 +0000 2018	@CNN	"RT @CuomoPrimeTime: ""In a city like Oakland, where we have so many immigrants, we cannot have public safety if that huge part of our popula‚Ä¶"	0.3544	0.171	0.746	0.083	289
287	Sat Jun 30 02:01:04 +0000 2018	@CNN	7 days in the dark: Time is running out in the search for the teenage soccer team trapped in a Thai cave‚Ä¶ https://t.co/fPY6afWSvi	-0.5267	0.0	0.855	0.145	288
286	Sat Jun 30 02:04:52 +0000 2018	@CNN	"RT @CuomoPrimeTime: ""I don't think we should be trying to out-Trump Trump,"" says Democrat Rep. Seth Moulton. ""The answer to Trump is to act‚Ä¶"	0.0	0.0	1.0	0.0	287
285	Sat Jun 30 02:16:07 +0000 2018	@CNN	With an embrace and small talk, a mother and her young son are reunited after a month apart https://t.co/lMgmJY2C0q https://t.co/IzS96kddBK	0.3182	0.119	0.881	0.0	286
499	Sat Jun 30 02:17:00 +0000 2018	@nytimes	"Review: The documentary ""Three Identical Strangers‚Äù is an engrossing and sometimes enraging documentary about reuni‚Ä¶ https://t.co/uAMlTInSxE"	-0.5859	0.0	0.798	0.202	500
284	Sat Jun 30 02:31:08 +0000 2018	@CNN	A teenager crossed the border to find his uncle. He spent nine months in a series of detention centers, each harshe‚Ä¶ https://t.co/xqyk2ovZ04	-0.3612	0.0	0.884	0.116	285
498	Sat Jun 30 02:32:03 +0000 2018	@nytimes	Welcome to a highly diverse Toronto school just for kindergartners: 630 children, 24 classes, 40 languages https://t.co/rJFRloCnDZ	0.4588	0.167	0.833	0.0	499
283	Sat Jun 30 02:46:08 +0000 2018	@CNN	These numbers underscore the difficulty of reuniting immigrant families https://t.co/sgLIQkxxW2 https://t.co/D9ODRscHdn	-0.34	0.0	0.806	0.194	284
497	Sat Jun 30 02:47:01 +0000 2018	@nytimes	Driven by the needs of the financial industry, researchers are working on ways to manage vast computer systems down‚Ä¶ https://t.co/S7Jo16NRzb	0.0	0.0	1.0	0.0	498
282	Sat Jun 30 03:01:03 +0000 2018	@CNN	"""This is horrific."" In a tweet, Sen. Ted Cruz condemned the Nazi running for Illinois' 3rd Congressional District https://t.co/gwFRQhbFcZ"	-0.4404	0.0	0.854	0.146	283
496	Sat Jun 30 03:02:04 +0000 2018	@nytimes	Leaked messages show that Russians offered at least three investment deals to Arron Banks, the biggest donor to the‚Ä¶ https://t.co/D7vD41k34t	-0.3182	0.0	0.892	0.108	497
281	Sat Jun 30 03:08:52 +0000 2018	@CNN	"Netflix lives by the old motto that ""content is king."" So how, exactly, is it managing to dominate the streaming wo‚Ä¶ https://t.co/SsVLEaO4WE"	-0.128	0.0	0.933	0.067	282
280	Sat Jun 30 03:14:00 +0000 2018	@CNN	"Toys ""R"" Us closes its final 200 US stores for good https://t.co/5yO1QoJ1Xd https://t.co/sP5ezxnoih"	0.4404	0.195	0.805	0.0	281
279	Sat Jun 30 03:16:04 +0000 2018	@CNN	The wife of slain Capital Gazette journalist Rob Hiaasen honored his life and legacy, saying her husband brought hu‚Ä¶ https://t.co/Wo09FCjAw1	0.0516	0.15	0.709	0.142	280
495	Sat Jun 30 03:17:03 +0000 2018	@nytimes	RT @nytpolitics: When a radio shock jock dialed the White House switchboard impersonating a senator‚Äôs aide, he was patched through to Presi‚Ä¶	-0.3818	0.0	0.88	0.12	496
278	Sat Jun 30 03:19:49 +0000 2018	@CNN	President Trump celebrated the six-month anniversary of the Republican tax cuts by calling them an ‚Äúeconomic miracl‚Ä¶ https://t.co/UkWK50v6wI	0.3612	0.169	0.731	0.1	279
277	Sat Jun 30 03:29:08 +0000 2018	@CNN	"RT @CuomoPrimeTime: The prank call with President Trump that a comedian claims he partook in while pretending to be Sen. Bob Menendez is ""i‚Ä¶"	0.4588	0.16	0.84	0.0	278
276	Sat Jun 30 03:31:05 +0000 2018	@CNN	"""The Dancing Doctor"" has agreed to give up her medical license for at least two-and-a-half years, records show‚Ä¶ https://t.co/yUoI16dN57"	0.2732	0.104	0.896	0.0	277
494	Sat Jun 30 03:32:05 +0000 2018	@nytimes	President Trump said that he plans to announce his pick to replace Justice Anthony Kennedy on July 9 https://t.co/CCQHIk8SPH	0.5267	0.167	0.833	0.0	495
275	Sat Jun 30 03:32:51 +0000 2018	@CNN	RT @CuomoPrimeTime: Trump Supreme Court adviser Leonard Leo tells @ChrisCuomo that the President has never once asked a single potential co‚Ä¶	0.5574	0.159	0.841	0.0	276
493	Sat Jun 30 03:35:17 +0000 2018	@nytimes	Migration Deal in Europe Makes No Commitments. Victory Is Declared. https://t.co/tymB1yEp8X	-0.1779	0.118	0.709	0.173	494
274	Sat Jun 30 03:46:05 +0000 2018	@CNN	Maryland could have the largest all-male delegation in Congress next year https://t.co/MAskMowi7a https://t.co/8K83v1101u	0.0	0.0	1.0	0.0	275
492	Sat Jun 30 03:47:05 +0000 2018	@nytimes	RT @wardnyt: Come fly with us through two of the best goals from @FIFAWorldCup https://t.co/8ycFb2f0O0 https://t.co/g0UlxYFzWZ	0.6369	0.219	0.781	0.0	493
491	Sat Jun 30 04:02:06 +0000 2018	@nytimes	A long and bitter overnight debate over E.U. migration policies seems to have saved Angela Merkel and boosted the p‚Ä¶ https://t.co/Z7OHGrK2Ly	0.3612	0.211	0.677	0.112	492
273	Sat Jun 30 04:16:00 +0000 2018	@CNN	"Toys ""R"" Us closes its final 200 US stores for good https://t.co/5yO1QoJ1Xd https://t.co/FMpEw8WyCM"	0.4404	0.195	0.805	0.0	274
490	Sat Jun 30 04:21:04 +0000 2018	@nytimes	RT @nytopinion: Martin Luther King Jr. actually aimed some of his harshest words toward advocates of civility, whose concerns aligned with‚Ä¶	-0.5994	0.0	0.837	0.163	491
272	Sat Jun 30 04:31:00 +0000 2018	@CNN	Spider-Man, Captain America, and other superheroes dropped by a children's hospital in Iowa to give the kids a thri‚Ä¶ https://t.co/wcpF5jeBL2	0.0	0.0	1.0	0.0	273
489	Sat Jun 30 04:38:45 +0000 2018	@nytimes	A new vaccine appears to have helped bring an Ebola outbreak to a rapid close https://t.co/KFNJm6vP21	0.0	0.0	1.0	0.0	490
271	Sat Jun 30 04:46:08 +0000 2018	@CNN	Police used facial recognition to identify the Capital Gazette shooter. Here's how it works https://t.co/ymukXJEVrs https://t.co/8CdoJjzYfZ	0.0	0.0	1.0	0.0	272
488	Sat Jun 30 04:55:49 +0000 2018	@nytimes	He was known across the internet as ‚ÄúPompeii‚Äôs Unluckiest Man.‚Äù But after finding his intact skull archaeologists a‚Ä¶ https://t.co/sQnevK6oRu	0.2023	0.091	0.909	0.0	489
270	Sat Jun 30 05:01:00 +0000 2018	@CNN	The FDR Library and Museum released rare video of Franklin D. Roosevelt walking https://t.co/xUMKmgNJgW https://t.co/9uWnaPoYXf	0.0	0.0	1.0	0.0	271
487	Sat Jun 30 05:13:19 +0000 2018	@nytimes	‚ÄúI thought I‚Äôd never see them again.‚Äù Watch the reunion of a Guatemalan mother and her children, separated at the b‚Ä¶ https://t.co/51ty4XagGV	0.0	0.0	1.0	0.0	488
269	Sat Jun 30 05:16:08 +0000 2018	@CNN	Air pollution levels well below what is considered safe by the US EPA and the World Health Organization are causing‚Ä¶ https://t.co/zQasN8CABP	0.6124	0.208	0.792	0.0	270
268	Sat Jun 30 05:31:00 +0000 2018	@CNN	Amazon has launched a new program that allows you to start your own small business delivering Prime packages ‚Äî the‚Ä¶ https://t.co/N0isk4cecD	0.296	0.158	0.842	0.0	269
486	Sat Jun 30 05:32:06 +0000 2018	@nytimes	RT @HernandezJavier: I got a peek inside China‚Äôs efforts to inspire a new generation of Communists. Here‚Äôs my dispatch from a Beijing class‚Ä¶	0.5719	0.171	0.829	0.0	487
267	Sat Jun 30 05:46:07 +0000 2018	@CNN	"These 600 Hawaiian cats have a better life than you.

Welcome to the Lana'i Cat Sanctuary -- Where felines of all s‚Ä¶ https://t.co/NAtUoCZOzI"	0.7096	0.228	0.772	0.0	268
485	Sat Jun 30 05:50:53 +0000 2018	@nytimes	.@margalitfox has been a New York Times obituary writer for 14 years. Now she's taking a crack at her own epitaph. https://t.co/RwoVfCjTTE	0.0	0.0	1.0	0.0	486
266	Sat Jun 30 06:01:00 +0000 2018	@CNN	"Arnold Schwarzenegger mocks Trump's attempts to ""rescue the coal industry,"" asking in a video message what the Pres‚Ä¶ https://t.co/H1CACG9Zlz"	0.0772	0.148	0.717	0.135	267
484	Sat Jun 30 06:08:05 +0000 2018	@nytimes	What the public knew about Emma Gatewood was already remarkable. But what they didn't know is even more remarkable. https://t.co/rV98mMauYg	0.802	0.286	0.714	0.0	485
265	Sat Jun 30 06:15:12 +0000 2018	@CNN	1 in 3 African American men are incarcerated in the US. #AmericanJail, a new CNN Film, premieres Sunday. https://t.co/otw68e0Wv3	0.0	0.0	1.0	0.0	266
483	Sat Jun 30 06:25:26 +0000 2018	@nytimes	Once an idea hovering on the far-left fringe, the call to abolish ICE has gained traction among progressive candida‚Ä¶ https://t.co/nUcWGmg15C	0.3818	0.12	0.88	0.0	484
264	Sat Jun 30 06:31:00 +0000 2018	@CNN	In a retail industry beset by problems, H&amp;M has a stockpile of unsold clothes worth $4 billion‚Ä¶ https://t.co/Sqzo0PF39o	-0.2023	0.102	0.753	0.145	265
482	Sat Jun 30 06:42:50 +0000 2018	@nytimes	As Oumuamua passed through our solar system, something other than gravity was pushing the object away from the sun https://t.co/syT7l918Ax	0.0	0.0	1.0	0.0	483
263	Sat Jun 30 06:46:05 +0000 2018	@CNN	I'm marching to make America the country my parents dreamed of | By Karine Jean-Pierre via @CNNOpinion‚Ä¶ https://t.co/a4cmgxTebQ	0.0	0.0	1.0	0.0	264
481	Sat Jun 30 06:59:47 +0000 2018	@nytimes	The internet has turned on him, his book sales are down and the TV adaptation of his last novel has stalled. But Jo‚Ä¶ https://t.co/cajngCkSuk	0.128	0.088	0.843	0.069	482
262	Sat Jun 30 07:01:01 +0000 2018	@CNN	Does a plateau exist for human mortality? New research suggests that any maximum fixed lifespan has yet to be reach‚Ä¶ https://t.co/uibviDUedO	0.0	0.0	1.0	0.0	263
16	Sat Jun 30 07:02:00 +0000 2018	@BBC	"A heartbreaking look at how our discarded plastics are killing wildlife.
#PlasticsAction https://t.co/R3lZNSDtMa"	-0.8689	0.0	0.479	0.521	17
36	Sat Jun 30 07:02:00 +0000 2018	@BBC	"A heartbreaking look at how our discarded plastics are killing wildlife.
#PlasticsAction https://t.co/R3lZNSDtMa"	-0.8689	0.0	0.479	0.521	37
480	Sat Jun 30 07:12:01 +0000 2018	@nytimes	How to Clean Those Pesky Summer Stains https://t.co/b5olMgDBG8	0.128	0.248	0.55	0.202	481
261	Sat Jun 30 07:16:05 +0000 2018	@CNN	Two dads, an egg donor and a surrogate: How a freezer failure changed everything https://t.co/oHhWNWxmwz https://t.co/ZfvIGWR3fb	-0.5106	0.0	0.798	0.202	262
479	Sat Jun 30 07:29:06 +0000 2018	@nytimes	RT @nytimestravel: Our 52 Places Traveler, @jadabird, heads to her 19th stop, Baltimore, and finds a celebration of African-American cultur‚Ä¶	-0.296	0.0	0.891	0.109	480
260	Sat Jun 30 07:31:00 +0000 2018	@CNN	Aston Martin brings back the Superleggera as a powerful new $300,000 supercar https://t.co/9nesdQE6WF https://t.co/4j7xU4s5Dg	0.4215	0.189	0.811	0.0	261
399	Sat Jun 30 07:42:00 +0000 2018	@FoxNews	".@POTUS: ""6 months ago we unleashed an economic miracle by signing the biggest tax cuts and reforms... in American‚Ä¶ https://t.co/ven29tk761"	0.3818	0.158	0.75	0.092	400
398	Sat Jun 30 07:45:00 +0000 2018	@FoxNews	.@SenateMajLdr gushed over his wife, Secretary of @USDOT @SecElaineChao , standing up to protesters who tried to co‚Ä¶ https://t.co/qek0PKcVgW	-0.2263	0.0	0.899	0.101	399
259	Sat Jun 30 07:46:04 +0000 2018	@CNN	While obesity, lack of exercise and genetic risk are major drivers for diabetes, studies have shown a link between‚Ä¶ https://t.co/2OCqMEG9Nb	-0.5267	0.0	0.794	0.206	260
478	Sat Jun 30 07:46:52 +0000 2018	@nytimes	A guide to the World Cup, for those that know nothing about the World Cup https://t.co/GMxSkIQBVm	0.0	0.0	1.0	0.0	479
397	Sat Jun 30 08:00:00 +0000 2018	@FoxNews	.@charliekirk11: Left's Growing Socialist Movement Is More About Hating the Rich Than Helping the Poor‚Ä¶ https://t.co/eljMYNercF	0.4445	0.325	0.52	0.155	398
258	Sat Jun 30 08:01:05 +0000 2018	@CNN	Here are the best places to watch fireworks on July 4 https://t.co/obBPC6Gnss https://t.co/WrG4r83sHP	0.6369	0.276	0.724	0.0	259
396	Sat Jun 30 08:04:00 +0000 2018	@FoxNews	"""It takes a lot of strength to be an Air Force family, a military family, period.""

On #OutnumberedOT, @usairforce‚Ä¶ https://t.co/aD447JYsFx"	0.4939	0.158	0.842	0.0	397
35	Sat Jun 30 08:04:06 +0000 2018	@BBC	ü§ñüò∑ Claims that a chatbot can diagnose medical conditions as accurately as a GP have sparked a row between the softw‚Ä¶ https://t.co/USXmTRpcyy	0.0	0.0	1.0	0.0	36
15	Sat Jun 30 08:04:06 +0000 2018	@BBC	ü§ñüò∑ Claims that a chatbot can diagnose medical conditions as accurately as a GP have sparked a row between the softw‚Ä¶ https://t.co/USXmTRpcyy	0.0	0.0	1.0	0.0	16
477	Sat Jun 30 08:04:38 +0000 2018	@nytimes	This item is the most frequently found type of trash littering our beaches. Can you guess what it is? https://t.co/wNhe6Ee3bd	0.0	0.0	1.0	0.0	478
395	Sat Jun 30 08:19:00 +0000 2018	@FoxNews	".@CoryBooker: ""We now must fight for those of us who believe that love is love is love is love."" https://t.co/RFSPQ6Dbp9"	0.9001	0.404	0.513	0.083	396
14	Sat Jun 30 08:19:13 +0000 2018	@BBC	"RT @bbc5live: It‚Äôs World Asteroid DayüöÄ

Abigail Harrison, astrobiologist and aspiring astronaut answered all of @chriswarburton_  and 8 yea‚Ä¶"	0.0	0.0	1.0	0.0	15
34	Sat Jun 30 08:19:13 +0000 2018	@BBC	"RT @bbc5live: It‚Äôs World Asteroid DayüöÄ

Abigail Harrison, astrobiologist and aspiring astronaut answered all of @chriswarburton_  and 8 yea‚Ä¶"	0.0	0.0	1.0	0.0	35
257	Sat Jun 30 08:31:00 +0000 2018	@CNN	Meet Miquela: The CGI Instagram star making brands real money ‚Äî even though she's not a real human‚Ä¶ https://t.co/MsPR10QYDU	0.0	0.0	1.0	0.0	258
394	Sat Jun 30 08:32:00 +0000 2018	@FoxNews	".@GeraldoRivera: ""Most sensible Americans - and I believe the polls bear this out - do not want open borders. You c‚Ä¶ https://t.co/wBZEv6WiRl"	-0.0572	0.0	0.936	0.064	395
476	Sat Jun 30 08:32:04 +0000 2018	@nytimes	Leaked messages show that Russians offered at least three investment deals to Arron Banks, the biggest donor to the‚Ä¶ https://t.co/b4JTHYCldl	-0.3182	0.0	0.892	0.108	477
393	Sat Jun 30 08:38:01 +0000 2018	@FoxNews	In a recent interview, 2016 Democrat presidential nominee @HillaryClinton made clear she is not going to ‚Äúcall it a‚Ä¶ https://t.co/OAvMvmmpKt	0.3818	0.126	0.874	0.0	394
392	Sat Jun 30 08:46:00 +0000 2018	@FoxNews	".@KellyannePolls: ""As far as I know, Gen. Kelly wants to stay and he is staying; he hasn't said anything differentl‚Ä¶ https://t.co/vsfRB22m9d"	0.0	0.0	1.0	0.0	393
475	Sat Jun 30 08:49:14 +0000 2018	@nytimes	Generation Grandparent: The Joy of Grandparenting https://t.co/76KQrxadpu	0.5859	0.388	0.612	0.0	476
391	Sat Jun 30 09:00:00 +0000 2018	@FoxNews	OPINION: Washington state florist: My life has been turned upside down because of my religious beliefs https://t.co/b0CH1nbpfG	0.0	0.0	1.0	0.0	392
256	Sat Jun 30 09:01:04 +0000 2018	@CNN	"Former President Barack Obama tells Democrats: ""This is a moment of great urgency and you are right to be concerned‚Ä¶ https://t.co/KCIs51PQ9X"	0.6249	0.177	0.823	0.0	257
13	Sat Jun 30 09:05:03 +0000 2018	@BBC	üå≥ How trees secretly talk to each other.  https://t.co/IuLAvWPwKj	0.0	0.0	1.0	0.0	14
33	Sat Jun 30 09:05:03 +0000 2018	@BBC	üå≥ How trees secretly talk to each other.  https://t.co/IuLAvWPwKj	0.0	0.0	1.0	0.0	34
474	Sat Jun 30 09:07:12 +0000 2018	@nytimes	Chobani, the Greek yogurt maker with progressive workplace policies and a large refugee workforce, has a major new‚Ä¶ https://t.co/AQh3BBsSHT	0.0	0.0	1.0	0.0	475
390	Sat Jun 30 09:10:00 +0000 2018	@FoxNews	".@TuckerCarlson: ""What will happen when word gets out that nobody in any country on the globe has anything to fear‚Ä¶ https://t.co/tNOzdT3bHK"	0.0	0.0	1.0	0.0	391
473	Sat Jun 30 09:12:24 +0000 2018	@nytimes	Spain‚Äôs Migrant Wave Grows, Even as Europe‚Äôs Subsides https://t.co/c31idLjmSj	0.0	0.0	1.0	0.0	474
12	Sat Jun 30 09:23:10 +0000 2018	@BBC	"RT @BBCWalesNews: ‚ù§Ô∏èÔ∏è Nothing was going to stop World War Two pilot Ian Kerr-Bonner from saying a final goodbye to his oldest friend

#Arme‚Ä¶"	-0.4404	0.109	0.683	0.208	13
32	Sat Jun 30 09:23:10 +0000 2018	@BBC	"RT @BBCWalesNews: ‚ù§Ô∏èÔ∏è Nothing was going to stop World War Two pilot Ian Kerr-Bonner from saying a final goodbye to his oldest friend

#Arme‚Ä¶"	-0.4404	0.109	0.683	0.208	33
255	Sat Jun 30 09:31:00 +0000 2018	@CNN	In 2012, Luke Mickelson was shocked to learn that children in his community slept on the floor. So he quit his high‚Ä¶ https://t.co/MGJq7GAxQs	-0.3182	0.0	0.905	0.095	256
389	Sat Jun 30 09:31:01 +0000 2018	@FoxNews	Reporter resigns after false tweet that Maryland shooting suspect had MAGA hat https://t.co/J2hLMniieo	-0.5423	0.0	0.71	0.29	390
472	Sat Jun 30 09:36:03 +0000 2018	@nytimes	RT @nytmedia: ‚ÄúWhen your newspaper is covering a community, it‚Äôs a much more intimate relationship that you have with readers. And they let‚Ä¶	0.0	0.0	1.0	0.0	473
388	Sat Jun 30 09:40:25 +0000 2018	@FoxNews	Federal judge blocks Kentucky's Medicaid work requirements https://t.co/zcqF4ptaiT	-0.2263	0.0	0.787	0.213	389
387	Sat Jun 30 09:43:38 +0000 2018	@FoxNews	2 men with 29 wives and 160 children between them sentenced to house arrest following polygamy conviction https://t.co/k8rJHBMFaA	-0.3612	0.0	0.811	0.189	388
386	Sat Jun 30 09:50:09 +0000 2018	@FoxNews	Oldest veteran in US, 112, robbed of savings, identity, family says https://t.co/c89oiKfLiE	0.0	0.0	1.0	0.0	387
471	Sat Jun 30 09:52:22 +0000 2018	@nytimes	‚ÄúWe have a Haring!‚Äù A Keith Haring mural comes out of hiding in Amsterdam. https://t.co/vo6hspj9TZ	-0.3595	0.0	0.828	0.172	472
254	Sat Jun 30 10:01:07 +0000 2018	@CNN	Boeing's hypersonic passenger plane could get you from New York to London in 2 hours https://t.co/9oADl8bB4n https://t.co/DkPrTGF5XP	0.0	0.0	1.0	0.0	255
31	Sat Jun 30 10:02:04 +0000 2018	@BBC	"üöÑüòΩüéÄ All aboard Japan's new #HelloKitty themed bullet train!
üëâ https://t.co/8wiL4MDt0W https://t.co/qTplQ9GNdw"	0.1007	0.122	0.878	0.0	32
11	Sat Jun 30 10:02:04 +0000 2018	@BBC	"üöÑüòΩüéÄ All aboard Japan's new #HelloKitty themed bullet train!
üëâ https://t.co/8wiL4MDt0W https://t.co/qTplQ9GNdw"	0.1007	0.122	0.878	0.0	12
385	Sat Jun 30 10:09:25 +0000 2018	@FoxNews	Texas group honoring military members reportedly robbed of dozens of flags https://t.co/SpiJTaRlwv	0.5106	0.231	0.769	0.0	386
470	Sat Jun 30 10:10:43 +0000 2018	@nytimes	Airline stopover programs can double your destinations--here's how to get the most out of them https://t.co/WjZwnnZ5C5	0.0	0.0	1.0	0.0	471
469	Sat Jun 30 10:12:16 +0000 2018	@nytimes	Frugal Traveler: The Frugal Five https://t.co/RoZRnD8OVN	0.0	0.0	1.0	0.0	470
384	Sat Jun 30 10:15:45 +0000 2018	@FoxNews	Nunes calls for testimony from 17 FBI, DOJ officials on government surveillance abuse https://t.co/dbVa0P4CXg https://t.co/sB5Utdw6k8	-0.6369	0.0	0.769	0.231	385
383	Sat Jun 30 10:20:18 +0000 2018	@FoxNews	Federal judge blocks Kentucky's Medicaid work requirements https://t.co/zcqF4ptaiT https://t.co/7ccOzPU5iv	-0.2263	0.0	0.808	0.192	384
382	Sat Jun 30 10:24:22 +0000 2018	@FoxNews	Ohio boy's lawn care business goes viral after 'ridiculous' neighbor calls cops on him https://t.co/nbmq1vJncS	0.4939	0.186	0.814	0.0	383
468	Sat Jun 30 10:29:02 +0000 2018	@nytimes	Our newsroom doesn‚Äôt have a poet laureate. But this guy is pretty close. https://t.co/yjECtusWSW	0.4939	0.211	0.789	0.0	469
253	Sat Jun 30 10:31:00 +0000 2018	@CNN	Egypt is building The Grand Egyptian Museum. The cost? More than $1 billion. It will re-house and restore some of t‚Ä¶ https://t.co/G3xypDbMIF	0.6369	0.206	0.794	0.0	254
381	Sat Jun 30 10:32:22 +0000 2018	@FoxNews	Lasonya Hill: ‚ÄúPeople have to realize that it‚Äôs okay to have a difference of opinion.‚Äù https://t.co/vRVTshIVgl	0.2263	0.119	0.881	0.0	382
467	Sat Jun 30 10:39:12 +0000 2018	@nytimes	The Week in Good News: A Helpful Teenager, the Belize Barrier Reef, Bird-Watching https://t.co/gUrdsMG8bX	0.6369	0.331	0.581	0.087	468
380	Sat Jun 30 10:39:39 +0000 2018	@FoxNews	Net neutrality backer threatened FCC chief's children, authorities say https://t.co/TEuheEKWYN https://t.co/inVV7UFQTS	-0.4588	0.0	0.769	0.231	381
379	Sat Jun 30 10:49:56 +0000 2018	@FoxNews	Chele Farley: ‚ÄúWe need criminals deported.‚Äù https://t.co/VvWXiC5HEQ	-0.5719	0.0	0.619	0.381	380
378	Sat Jun 30 10:53:21 +0000 2018	@FoxNews	Chele Farley: ‚Äú[Kirsten Gillibrand is] not representing the people of New York‚Ä¶ I think New Yorkers are going to wa‚Ä¶ https://t.co/fPcmUTqSpt	0.0	0.0	1.0	0.0	379
252	Sat Jun 30 11:01:07 +0000 2018	@CNN	These are the stunning winners of the 2018 National Geographic Travel Photographer of the Year‚Ä¶ https://t.co/DbCSwLCnMM	0.6908	0.289	0.711	0.0	253
466	Sat Jun 30 11:02:03 +0000 2018	@nytimes	RT @nytpolitics: Larry Kudlow, the White House economic adviser, said the federal budget deficit is ‚Äúrapidly‚Äù decreasing. Three sources of‚Ä¶	-0.4019	0.0	0.876	0.124	467
10	Sat Jun 30 11:05:01 +0000 2018	@BBC	üòÇ A colour guide for your next spray tan‚Ä¶ https://t.co/MuUMV7qJDH	0.0	0.0	1.0	0.0	11
30	Sat Jun 30 11:05:01 +0000 2018	@BBC	üòÇ A colour guide for your next spray tan‚Ä¶ https://t.co/MuUMV7qJDH	0.0	0.0	1.0	0.0	31
377	Sat Jun 30 11:07:50 +0000 2018	@FoxNews	Bill Maher, Ben Shapiro spar over civility https://t.co/oXNS7pfkBg	0.0	0.0	1.0	0.0	378
376	Sat Jun 30 11:11:12 +0000 2018	@FoxNews	Texas city to fly 40,000 American flags, one at every home, on 4th of July https://t.co/dw9EIyEBJg	0.0	0.0	1.0	0.0	377
375	Sat Jun 30 11:11:40 +0000 2018	@FoxNews	Special counsel must reply to Manafort's motion for jail release by July 5, federal appeals court says https://t.co/7iVu4aUeVQ	0.4019	0.137	0.863	0.0	376
465	Sat Jun 30 11:14:07 +0000 2018	@nytimes	"Here's the 2018 election calendar 
https://t.co/R4SZfQgqJb"	0.0	0.0	1.0	0.0	466
374	Sat Jun 30 11:15:34 +0000 2018	@FoxNews	"‚ÄúIt's gotten to the point now where it's just-- I'm either going to get out of here, or I'm gonna die this way.‚Äù

‚Äò‚Ä¶ https://t.co/Z8GcuXlc2M"	-0.5994	0.0	0.86	0.14	375
373	Sat Jun 30 11:20:25 +0000 2018	@FoxNews	Prank caller gets Trump on phone by impersonating Dem senator https://t.co/ZU9m5hrllB	0.0	0.0	1.0	0.0	374
251	Sat Jun 30 11:31:00 +0000 2018	@CNN	Will we ever fly like the Jetsons? After this company unveiled Flyer, its first commercial flying car, @RachCrane t‚Ä¶ https://t.co/yM4kZ4odQK	0.3612	0.116	0.884	0.0	252
464	Sat Jun 30 11:31:06 +0000 2018	@nytimes	France faces Argentina in the round of 16 today. Many of the players on the World Cup stage came from this sprawl o‚Ä¶ https://t.co/KVFHox0VLU	0.0	0.0	1.0	0.0	465
372	Sat Jun 30 11:32:51 +0000 2018	@FoxNews	‚ÄòUnbearable‚Äô smelling passenger that caused plane‚Äôs emergency landing dies from tissue necrosis https://t.co/yG8Ny9z0bt	-0.3818	0.0	0.822	0.178	373
371	Sat Jun 30 11:42:07 +0000 2018	@FoxNews	President @realDonaldTrump recognizes Blue Line Bears founder https://t.co/8hVhIKKJTn	0.0	0.0	1.0	0.0	372
463	Sat Jun 30 11:46:03 +0000 2018	@nytimes	Your laptop is probably dirty and gross. It might be time to clean it. https://t.co/FZpPPUfVX1	-0.5106	0.13	0.58	0.29	464
370	Sat Jun 30 11:46:52 +0000 2018	@FoxNews	Lightning dwarfs city lights as a distant thunder storm passes by Dodge City, Kansas https://t.co/jaQmOcvLQM	0.0	0.0	1.0	0.0	371
369	Sat Jun 30 11:48:27 +0000 2018	@FoxNews	Puppy rescued after falling down 50-foot hole https://t.co/XcyMpEL12U	0.296	0.269	0.577	0.154	370
368	Sat Jun 30 11:58:23 +0000 2018	@FoxNews	Dog on Family Road Trip Gets Photo Taken as He Crosses Into Each New State https://t.co/1Ycq1CFS4F	0.0	0.0	1.0	0.0	369
462	Sat Jun 30 12:00:18 +0000 2018	@nytimes	Not sure what to do this weekend in NYC? We‚Äôve got you. https://t.co/20rs7hLzeN	0.3182	0.161	0.839	0.0	463
250	Sat Jun 30 12:01:06 +0000 2018	@CNN	Ballet dancers showcase Hong Kong in gravity-defying images https://t.co/98YW55XneE via @CNNTravel https://t.co/scFdlJGo5d	0.0	0.0	1.0	0.0	251
29	Sat Jun 30 12:07:04 +0000 2018	@BBC	üå≤üå≥ Where exactly did Iceland's trees go? https://t.co/Trrrl2KTg2	0.0	0.0	1.0	0.0	30
9	Sat Jun 30 12:07:04 +0000 2018	@BBC	üå≤üå≥ Where exactly did Iceland's trees go? https://t.co/Trrrl2KTg2	0.0	0.0	1.0	0.0	10
367	Sat Jun 30 12:07:51 +0000 2018	@FoxNews	OPINION: Rep. Rob Bishop: Trump‚Äôs right. It‚Äôs time to ditch the filibuster and fix our broken government https://t.co/PjEmCU0PJC	-0.7717	0.0	0.705	0.295	368
28	Sat Jun 30 12:13:40 +0000 2018	@BBC	"RT @BBCBreakfast: üêª The first Sun Bear to ever born in the UK! üòç
How amazing is this little miracle bear? https://t.co/wyRRiXO7eX"	0.8224	0.297	0.703	0.0	29
8	Sat Jun 30 12:13:40 +0000 2018	@BBC	"RT @BBCBreakfast: üêª The first Sun Bear to ever born in the UK! üòç
How amazing is this little miracle bear? https://t.co/wyRRiXO7eX"	0.8224	0.297	0.703	0.0	9
27	Sat Jun 30 12:13:52 +0000 2018	@BBC	RT @bbcideas: Another unsung heroine you need to know. The life of Mary Anning - told using sand and pebbles from the beach where she worke‚Ä¶	0.5719	0.134	0.866	0.0	28
7	Sat Jun 30 12:13:52 +0000 2018	@BBC	RT @bbcideas: Another unsung heroine you need to know. The life of Mary Anning - told using sand and pebbles from the beach where she worke‚Ä¶	0.5719	0.134	0.866	0.0	8
366	Sat Jun 30 12:19:12 +0000 2018	@FoxNews	Canada vows to impose tariffs on U.S. goods https://t.co/sq25ZjKAAH	-0.296	0.0	0.784	0.216	367
461	Sat Jun 30 12:19:53 +0000 2018	@nytimes	Argentina vs. France: World Cup 2018 Live Updates https://t.co/kXp8lHlK2i	0.0	0.0	1.0	0.0	462
365	Sat Jun 30 12:20:08 +0000 2018	@FoxNews	.@THEHermanCain: ‚ÄúThe Democratic Party has a leadership crisis and a messaging crisis and it‚Äôs in part due to Presi‚Ä¶ https://t.co/KQbDNLIbx4	-0.7579	0.104	0.579	0.317	366
460	Sat Jun 30 12:22:05 +0000 2018	@nytimes	"In Opinion

Emma Brockes writes: ""A woman ran after me as I left a friend‚Äôs party and asked if I thought she should‚Ä¶ https://t.co/P2JRh28n5T"	0.4019	0.119	0.881	0.0	461
364	Sat Jun 30 12:26:43 +0000 2018	@FoxNews	.@AlanDersh: ‚Äú[@POTUS] might even appoint somebody who believes there is a constitutional right to life, which woul‚Ä¶ https://t.co/MOzytPnBKr	0.0	0.0	1.0	0.0	365
249	Sat Jun 30 12:31:00 +0000 2018	@CNN	Watch these homes being built using a 3D printer https://t.co/igaBP4BFwG https://t.co/OjOhBRVMRn	0.0	0.0	1.0	0.0	250
363	Sat Jun 30 12:31:36 +0000 2018	@FoxNews	Trump slaps down Democrats' 'abolish ICE' push: 'It will never happen' https://t.co/2QtQOnaMq6	0.0	0.0	1.0	0.0	364
459	Sat Jun 30 12:42:02 +0000 2018	@nytimes	"""It was like a weight had been lifted from my shoulders. I didn‚Äôt know how heavy it was until I put it down.""

How‚Ä¶ https://t.co/vCUC5qguxf"	0.3612	0.106	0.894	0.0	460
362	Sat Jun 30 12:44:41 +0000 2018	@FoxNews	North Korea believed to be 'deceiving' US, increasing nuclear production: report https://t.co/B3SHrIzbMk	0.0	0.0	1.0	0.0	363
361	Sat Jun 30 12:48:39 +0000 2018	@FoxNews	Elvira Salazar: ‚ÄúSocialist laws only bring misery.‚Äù https://t.co/1dsb1Dd6AZ	0.0	0.0	1.0	0.0	362
360	Sat Jun 30 12:56:42 +0000 2018	@FoxNews	"The U.S. Air Force Air Demonstration Squadron ""Thunderbirds"" perform at the Arctic Thunder Open House Special Needs‚Ä¶ https://t.co/Effv2sgeg4"	0.4767	0.204	0.796	0.0	361
6	Sat Jun 30 12:58:04 +0000 2018	@BBC	"ü¶Äüò≤ The 'dresser crab' decorates itself with seaweed, sponges and pearls to ward off predators!
#QI https://t.co/l4ziAmbx92"	0.0	0.0	1.0	0.0	7
26	Sat Jun 30 12:58:04 +0000 2018	@BBC	"ü¶Äüò≤ The 'dresser crab' decorates itself with seaweed, sponges and pearls to ward off predators!
#QI https://t.co/l4ziAmbx92"	0.0	0.0	1.0	0.0	27
248	Sat Jun 30 13:01:04 +0000 2018	@CNN	The IRS is cutting the 1040 form in half. Instead of filling two pages, the new version will take up about one, acc‚Ä¶ https://t.co/s3JXNytJ5o	-0.128	0.0	0.939	0.061	249
458	Sat Jun 30 13:02:05 +0000 2018	@nytimes	"Modern Love: ""'There‚Äôs something I have to tell you,' John said. Do you remember ever wanting to hear the sentence‚Ä¶ https://t.co/SypeCLHJVe"	0.6369	0.181	0.819	0.0	459
359	Sat Jun 30 13:03:38 +0000 2018	@FoxNews	"""OBJECTified"" is back! Iconic rock stars, reality TV mavericks, and some of the biggest names in the world share th‚Ä¶ https://t.co/bMFMDabERd"	0.3595	0.111	0.889	0.0	360
358	Sat Jun 30 13:05:14 +0000 2018	@FoxNews	US ambassador to Estonia resigns over frustrations with Trump's EU comments https://t.co/45rDCUnGHz	-0.6486	0.0	0.654	0.346	359
457	Sat Jun 30 13:11:02 +0000 2018	@nytimes	‚ÄúI knew God would not leave us out,‚Äù Lionel Messi said after Argentina qualified for the round of 16 https://t.co/FQHIdwxlho	0.3067	0.153	0.847	0.0	458
247	Sat Jun 30 13:16:07 +0000 2018	@CNN	One word shows how much we've changed the way we talk about race | By CNN's John Blake https://t.co/PR1jvQrgqh https://t.co/Jp8oOYq9Fr	0.0	0.0	1.0	0.0	248
357	Sat Jun 30 13:20:22 +0000 2018	@FoxNews	Brandon Judd: ‚ÄúWe‚Äôre taking the walls, where we currently have them, we‚Äôre reinforcing those walls‚Ä¶ and we‚Äôre expan‚Ä¶ https://t.co/XBIpGFAKfG	0.0	0.0	1.0	0.0	358
456	Sat Jun 30 13:23:05 +0000 2018	@nytimes	RT @nytopinion: The marches taking place across the country this weekend are really about the soul of America https://t.co/ZSWbN25mes https‚Ä¶	0.0	0.0	1.0	0.0	457
455	Sat Jun 30 13:25:07 +0000 2018	@nytimes	Can Elon Musk and Tesla Reinvent the Way Cars Are Made? https://t.co/jypoE3Xulj	0.0	0.0	1.0	0.0	456
356	Sat Jun 30 13:28:31 +0000 2018	@FoxNews	Mexican presidential elections could deteriorate foreign relations with US https://t.co/GdOVvqWcnI	0.0	0.0	1.0	0.0	357
246	Sat Jun 30 13:31:00 +0000 2018	@CNN	One step on the island of Bermuda, and it's impossible not to be moved by its beauty, history, simplicity and charm‚Ä¶ https://t.co/c4QuVIt908	0.5859	0.153	0.847	0.0	247
355	Sat Jun 30 13:36:14 +0000 2018	@FoxNews	.@SenateMajLdr 'loved it' when @SecElaineChao confronted protesters: 'I've got one tough wife' https://t.co/M6EWUemo0i	0.1779	0.215	0.497	0.287	356
25	Sat Jun 30 13:40:13 +0000 2018	@BBC	"RT @Wimbledon: ""It was one of the most emotional matches I played in my career. That final had a big impact on my tennis and personal life""‚Ä¶"	0.5509	0.165	0.835	0.0	26
5	Sat Jun 30 13:40:13 +0000 2018	@BBC	"RT @Wimbledon: ""It was one of the most emotional matches I played in my career. That final had a big impact on my tennis and personal life""‚Ä¶"	0.5509	0.165	0.835	0.0	6
454	Sat Jun 30 13:41:06 +0000 2018	@nytimes	Where do New York City‚Äôs elite high schools get their students? Our map shows that 10 middle schools account for a‚Ä¶ https://t.co/eidDFtzyrQ	0.0	0.0	1.0	0.0	455
354	Sat Jun 30 13:48:25 +0000 2018	@FoxNews	OPINION: Secrets (good and bad) no one is telling about motherhood https://t.co/ZYOPZHy1na	-0.296	0.0	0.833	0.167	355
453	Sat Jun 30 13:54:13 +0000 2018	@nytimes	Parents and Children Remain Separated by Miles and Bureaucracy https://t.co/vtaYjBF9WM	0.0	0.0	1.0	0.0	454
245	Sat Jun 30 14:01:14 +0000 2018	@CNN	What you should know about this weekend's protests against President Trump's immigration policy‚Ä¶ https://t.co/mpOqLKbjJ0	-0.2263	0.0	0.872	0.128	246
452	Sat Jun 30 14:02:05 +0000 2018	@nytimes	Your weekend playlist has arrived. Here are the week‚Äôs most notable new songs and videos. https://t.co/qE0PkfffvF	0.0	0.0	1.0	0.0	453
353	Sat Jun 30 14:03:56 +0000 2018	@FoxNews	Protests against Trump's border policy kicking off nationwide https://t.co/m5s3YMJdsn	-0.2263	0.0	0.808	0.192	354
352	Sat Jun 30 14:09:16 +0000 2018	@FoxNews	Thousands expected to rally across U.S. to protest family separations https://t.co/a0XubIOrBv	-0.25	0.0	0.833	0.167	353
351	Sat Jun 30 14:14:54 +0000 2018	@FoxNews	Trump Recognizes Teen's 'Blue Line Bears' Nonprofit: 'I Am Touched By Your Mission' https://t.co/z7AkRFShC6	0.0	0.0	1.0	0.0	352
244	Sat Jun 30 14:15:04 +0000 2018	@CNN	Thieves emptied the bank account of America's oldest living veteran https://t.co/AJEEkhenLg https://t.co/XoVwIGGhAh	-0.6124	0.0	0.667	0.333	245
451	Sat Jun 30 14:17:02 +0000 2018	@nytimes	Here are the top films that our chief critics, A.O. Scott and Manohla Dargis, are recommending so far this year https://t.co/GkW5dR86yi	-0.1027	0.078	0.826	0.096	452
450	Sat Jun 30 14:30:10 +0000 2018	@nytimes	A museum dedicated to the history of Philadelphia is closing its doors to the public, and it is unclear when ‚Äî or w‚Ä¶ https://t.co/l7b0f3oWZs	0.25	0.12	0.8	0.08	451
243	Sat Jun 30 14:30:12 +0000 2018	@CNN	My son's death proves the harm of weaponizing belief, writes Dennis Shepard for @CNNOpinion https://t.co/3Xhy0jrunQ https://t.co/IE5GIvEncc	-0.8126	0.0	0.654	0.346	244
350	Sat Jun 30 14:32:07 +0000 2018	@FoxNews	Florida woman reported to jury duty with cocaine: sheriff https://t.co/BzbyjrtEzc	0.0	0.0	1.0	0.0	351
349	Sat Jun 30 14:35:26 +0000 2018	@FoxNews	.@RepGoodlatte: ‚ÄúThe Democrats are the ones, I think, who are not acting in good faith here.‚Äù https://t.co/y2vKRqn2cs	0.1012	0.146	0.729	0.125	350
348	Sat Jun 30 14:40:09 +0000 2018	@FoxNews	.@RepGoodlatte: ‚ÄúEvery American, Republicans, Democrats, Independents, all should be concerned about what was done‚Ä¶ https://t.co/PffsjotCCI	0.0	0.0	1.0	0.0	349
449	Sat Jun 30 14:45:01 +0000 2018	@nytimes	A look inside Tesla's factory shows the audacity of Elon Musk's strategy to make cars a different way ‚Äî  and the ri‚Ä¶ https://t.co/uxNPVR77uj	0.0	0.0	1.0	0.0	450
242	Sat Jun 30 14:45:02 +0000 2018	@CNN	You're probably washing your hands all wrong, study says https://t.co/6DHqrlugYl https://t.co/pr8qL45wSx	-0.4767	0.0	0.763	0.237	243
347	Sat Jun 30 14:52:40 +0000 2018	@FoxNews	Mystery good samaritan buys $1M of toys from Toys R Us to donate to kids https://t.co/mLguxFmmfe	0.4404	0.172	0.828	0.0	348
241	Sat Jun 30 15:00:08 +0000 2018	@CNN	"Massive crowds protesting President Trump's immigration policies say they have 3 demands. They want:
‚ñ† separated mi‚Ä¶ https://t.co/oVZVIrrem0"	-0.3612	0.072	0.773	0.155	242
448	Sat Jun 30 15:00:12 +0000 2018	@nytimes	More and more desperate families are turning to complex and dangerous smuggling techniques to get relatives to the‚Ä¶ https://t.co/ogeBRAcfxz	-0.8425	0.0	0.639	0.361	449
447	Sat Jun 30 15:03:03 +0000 2018	@nytimes	The family of Christopher Cruz, 22, paid more than $12,000 for him to be smuggled into the U.S. from El Salvador. C‚Ä¶ https://t.co/PpMw1FDWI4	-0.3612	0.0	0.898	0.102	448
446	Sat Jun 30 15:06:14 +0000 2018	@nytimes	Even with his family‚Äôs payment, Cruz slept amid filth and vermin. He watched guides abandon migrants who couldn‚Äôt k‚Ä¶ https://t.co/kePNh30Pt4	-0.4404	0.0	0.868	0.132	447
4	Sat Jun 30 15:07:03 +0000 2018	@BBC	"üíÑ Does your lipstick threaten the future of one of our closest living relatives?
üëâ https://t.co/ldRFuFMJ23 https://t.co/pFccqj1CXS"	-0.3818	0.0	0.843	0.157	5
24	Sat Jun 30 15:07:03 +0000 2018	@BBC	"üíÑ Does your lipstick threaten the future of one of our closest living relatives?
üëâ https://t.co/ldRFuFMJ23 https://t.co/pFccqj1CXS"	-0.3818	0.0	0.843	0.157	25
445	Sat Jun 30 15:09:46 +0000 2018	@nytimes	We traced Cruz‚Äôs treacherous journey from El Salvador to McAllen, Texas, through photos, texts and GPS positions‚Ä¶ https://t.co/eyue7LZFto	0.0	0.0	1.0	0.0	446
444	Sat Jun 30 15:12:06 +0000 2018	@nytimes	As the number of Central Americans arriving at the southern border or sneaking across it has surged, the Trump admi‚Ä¶ https://t.co/8lRN0L1YI6	0.0772	0.061	0.939	0.0	445
346	Sat Jun 30 15:12:41 +0000 2018	@FoxNews	Activists shout during the rally to protest the Trump administration's immigration policies in New York, New York.‚Ä¶ https://t.co/oyynGYiEGG	-0.25	0.0	0.895	0.105	347
443	Sat Jun 30 15:15:07 +0000 2018	@nytimes	Throughout their journey, Cruz and fellow migrants were at the mercy of a smuggling network and cops who expected b‚Ä¶ https://t.co/DBIGSsalR7	-0.1531	0.106	0.763	0.131	444
240	Sat Jun 30 15:15:10 +0000 2018	@CNN	Here's how the last immigration protest in Washington went down https://t.co/hvDxKb3lL9 https://t.co/QrVSACE3wl	-0.25	0.0	0.846	0.154	241
442	Sat Jun 30 15:18:13 +0000 2018	@nytimes	Migrants ‚Äî some of them infants ‚Äî were locked in filthy stash houses while they waited for smugglers to pick them u‚Ä¶ https://t.co/5cIToj1Byq	-0.34	0.0	0.893	0.107	443
441	Sat Jun 30 15:21:23 +0000 2018	@nytimes	For Cruz, the harrowing journey of crossing the U.S. border and paying thousands of dollars to smugglers to get him‚Ä¶ https://t.co/3Uv53Lkp6A	-0.34	0.0	0.893	0.107	442
345	Sat Jun 30 15:23:04 +0000 2018	@FoxNews	.@MZHemingway: ‚ÄúWe obviously already know, from the number of people who have been fired, resigned, resigned under‚Ä¶ https://t.co/azJXwd7FN3	-0.743	0.057	0.611	0.332	346
440	Sat Jun 30 15:24:34 +0000 2018	@nytimes	GOAL! What a great game this is. France is now leading 3-2. https://t.co/toyW9XB9Yb	0.6588	0.285	0.715	0.0	441
439	Sat Jun 30 15:29:01 +0000 2018	@nytimes	UPDATE: France are now up 4-2. Kylian Mbapp√© scored twice in 3 minutes to give France a shocking lead over Argentin‚Ä¶ https://t.co/4rRRDtjfrr	-0.4019	0.0	0.876	0.124	440
419	Sat Jun 30 15:29:01 +0000 2018	@nytimes	UPDATE: France are now up 4-2. Kylian Mbapp√© scored twice in 3 minutes to give France a shocking lead over Argentin‚Ä¶ https://t.co/4rRRDtjfrr	-0.4019	0.0	0.876	0.124	420
219	Sat Jun 30 15:30:06 +0000 2018	@CNN	"You may see a lot of shirts and signs that read, ""I really do care"" at the Families Belong Together rallies‚Ä¶ https://t.co/TVCjXYyKu9"	0.539	0.148	0.852	0.0	220
239	Sat Jun 30 15:30:06 +0000 2018	@CNN	"You may see a lot of shirts and signs that read, ""I really do care"" at the Families Belong Together rallies‚Ä¶ https://t.co/TVCjXYyKu9"	0.539	0.148	0.852	0.0	240
344	Sat Jun 30 15:30:30 +0000 2018	@FoxNews	.@RepJayapal: ‚ÄúWhat we‚Äôre fighting for now is beyond politics, this is about right and wrong.‚Äù https://t.co/k4CisuaqOr	-0.3612	0.0	0.857	0.143	345
418	Sat Jun 30 15:35:04 +0000 2018	@nytimes	There are 19 other House incumbents running for re-election this year, who, like Joseph Crowley, have not faced a p‚Ä¶ https://t.co/FGSdE6r7zx	0.3612	0.116	0.884	0.0	419
438	Sat Jun 30 15:35:04 +0000 2018	@nytimes	There are 19 other House incumbents running for re-election this year, who, like Joseph Crowley, have not faced a p‚Ä¶ https://t.co/FGSdE6r7zx	0.3612	0.116	0.884	0.0	439
343	Sat Jun 30 15:44:06 +0000 2018	@FoxNews	OPINION: @TheJuanWilliams: July Fourth finds Americans deeply divided, yet with something incredible to celebrate https://t.co/9eJ4MkU5Fs	0.5719	0.209	0.791	0.0	344
218	Sat Jun 30 15:45:04 +0000 2018	@CNN	The House voted on two immigration measures. Neither passed. https://t.co/bh9GAXuv5o https://t.co/CLsLSX98lB	0.0	0.0	1.0	0.0	219
238	Sat Jun 30 15:45:04 +0000 2018	@CNN	The House voted on two immigration measures. Neither passed. https://t.co/bh9GAXuv5o https://t.co/CLsLSX98lB	0.0	0.0	1.0	0.0	239
417	Sat Jun 30 15:50:04 +0000 2018	@nytimes	"In Opinion

The author Dave Eggers writes, ""Never have we had a president not just indifferent to the arts, but act‚Ä¶ https://t.co/ebk770jnOV"	0.0762	0.061	0.939	0.0	418
437	Sat Jun 30 15:50:04 +0000 2018	@nytimes	"In Opinion

The author Dave Eggers writes, ""Never have we had a president not just indifferent to the arts, but act‚Ä¶ https://t.co/ebk770jnOV"	0.0762	0.061	0.939	0.0	438
342	Sat Jun 30 15:50:38 +0000 2018	@FoxNews	Mark Janus on his Supreme Court Victory over being forced to pay public union dues https://t.co/qjkxwzKKmD	0.0516	0.171	0.619	0.21	343
217	Sat Jun 30 15:52:00 +0000 2018	@CNN	President Trump isn't at the White House today. Protesters are rallying anyway. https://t.co/a58zOxDb57 https://t.co/eEisfG63Rq	-0.2263	0.0	0.872	0.128	218
237	Sat Jun 30 15:52:00 +0000 2018	@CNN	President Trump isn't at the White House today. Protesters are rallying anyway. https://t.co/a58zOxDb57 https://t.co/eEisfG63Rq	-0.2263	0.0	0.872	0.128	238
416	Sat Jun 30 15:52:26 +0000 2018	@nytimes	ARGENTINA SCORES! https://t.co/G9SrKmakZK	0.0	0.0	1.0	0.0	417
436	Sat Jun 30 15:52:26 +0000 2018	@nytimes	ARGENTINA SCORES! https://t.co/G9SrKmakZK	0.0	0.0	1.0	0.0	437
415	Sat Jun 30 15:53:42 +0000 2018	@nytimes	Sergio Aguero scored a goal in stoppage time for Argentina, cutting France‚Äôs lead to 4-3 https://t.co/G9SrKmakZK	-0.128	0.0	0.903	0.097	416
435	Sat Jun 30 15:53:42 +0000 2018	@nytimes	Sergio Aguero scored a goal in stoppage time for Argentina, cutting France‚Äôs lead to 4-3 https://t.co/G9SrKmakZK	-0.128	0.0	0.903	0.097	436
341	Sat Jun 30 15:56:00 +0000 2018	@FoxNews	OPINION: Border Patrol Agent: Trump's wall is the best way to end to the humanitarian crisis on our southern border https://t.co/yfT0zy01jM	0.0258	0.154	0.696	0.15	342
434	Sat Jun 30 15:56:24 +0000 2018	@nytimes	A 7-goal thriller ended with France winning 4-3 against Argentina. Lionel Messi‚Äôs side ran out of time and are elim‚Ä¶ https://t.co/amHThaIq3t	0.5859	0.211	0.789	0.0	435
414	Sat Jun 30 15:56:24 +0000 2018	@nytimes	A 7-goal thriller ended with France winning 4-3 against Argentina. Lionel Messi‚Äôs side ran out of time and are elim‚Ä¶ https://t.co/amHThaIq3t	0.5859	0.211	0.789	0.0	415
236	Sat Jun 30 16:00:07 +0000 2018	@CNN	She's marching today to make America the country her parents dreamed of https://t.co/6wzPzhRbbm https://t.co/ZHEveBJjlo	0.0	0.0	1.0	0.0	237
216	Sat Jun 30 16:00:07 +0000 2018	@CNN	She's marching today to make America the country her parents dreamed of https://t.co/6wzPzhRbbm https://t.co/ZHEveBJjlo	0.0	0.0	1.0	0.0	217
340	Sat Jun 30 16:00:12 +0000 2018	@FoxNews	Disney's Toy Story Land to officially open this weekend https://t.co/Iz31KOaMxS	0.0	0.0	1.0	0.0	341
319	Sat Jun 30 16:01:00 +0000 2018	@FoxNews	Special counsel must reply to Manafort's motion for jail release by July 5, federal appeals court says. https://t.co/LDeFSO5LsB	0.4019	0.137	0.863	0.0	320
339	Sat Jun 30 16:01:00 +0000 2018	@FoxNews	Special counsel must reply to Manafort's motion for jail release by July 5, federal appeals court says. https://t.co/LDeFSO5LsB	0.4019	0.137	0.863	0.0	340
23	Sat Jun 30 16:03:09 +0000 2018	@BBC	"RT @5liveSport: What a stat üî•‚öΩÔ∏è

Mbappe is the first teenager to score at least twice in a #WorldCup match since Pele ü§©üëè

#FRA 4-2 #ARG

Li‚Ä¶"	0.0	0.0	1.0	0.0	24
3	Sat Jun 30 16:03:09 +0000 2018	@BBC	"RT @5liveSport: What a stat üî•‚öΩÔ∏è

Mbappe is the first teenager to score at least twice in a #WorldCup match since Pele ü§©üëè

#FRA 4-2 #ARG

Li‚Ä¶"	0.0	0.0	1.0	0.0	4
2	Sat Jun 30 16:04:06 +0000 2018	@BBC	üéß‚úä DJ Switch has big plans for the future. https://t.co/b5CY3vEX7Q	0.0	0.0	1.0	0.0	3
22	Sat Jun 30 16:04:06 +0000 2018	@BBC	üéß‚úä DJ Switch has big plans for the future. https://t.co/b5CY3vEX7Q	0.0	0.0	1.0	0.0	23
318	Sat Jun 30 16:04:56 +0000 2018	@FoxNews	SUNDAY on @SundayFutures, @MariaBartiromo's exclusive interview with President @realDonaldTrump - Tune in at 10a ET‚Ä¶ https://t.co/LASwisS3Sp	0.128	0.097	0.903	0.0	319
338	Sat Jun 30 16:04:56 +0000 2018	@FoxNews	SUNDAY on @SundayFutures, @MariaBartiromo's exclusive interview with President @realDonaldTrump - Tune in at 10a ET‚Ä¶ https://t.co/LASwisS3Sp	0.128	0.097	0.903	0.0	339
413	Sat Jun 30 16:05:01 +0000 2018	@nytimes	‚ÄúI can say I am equal.‚Äù Carrie Gracie, the BBC's former China editor, received an apology from the broadcaster and‚Ä¶ https://t.co/d5pGecgBCu	0.0516	0.059	0.941	0.0	414
433	Sat Jun 30 16:05:01 +0000 2018	@nytimes	‚ÄúI can say I am equal.‚Äù Carrie Gracie, the BBC's former China editor, received an apology from the broadcaster and‚Ä¶ https://t.co/d5pGecgBCu	0.0516	0.059	0.941	0.0	434
337	Sat Jun 30 16:08:00 +0000 2018	@FoxNews	An all-new season of 'OBJECTified' premieres tonight with NBA legend @MagicJohnson! Tune in to Fox News Channel at‚Ä¶ https://t.co/AxsuKBzb4S	0.0	0.0	1.0	0.0	338
317	Sat Jun 30 16:08:00 +0000 2018	@FoxNews	An all-new season of 'OBJECTified' premieres tonight with NBA legend @MagicJohnson! Tune in to Fox News Channel at‚Ä¶ https://t.co/AxsuKBzb4S	0.0	0.0	1.0	0.0	318
316	Sat Jun 30 16:13:12 +0000 2018	@FoxNews	,@JohnJamesMI: ‚ÄúDemocrats have a long history of running from issue to issue without leaving any solutions in their‚Ä¶ https://t.co/BcPxTfnipQ	-0.1326	0.0	0.918	0.082	317
336	Sat Jun 30 16:13:12 +0000 2018	@FoxNews	,@JohnJamesMI: ‚ÄúDemocrats have a long history of running from issue to issue without leaving any solutions in their‚Ä¶ https://t.co/BcPxTfnipQ	-0.1326	0.0	0.918	0.082	337
432	Sat Jun 30 16:15:05 +0000 2018	@nytimes	The vast sprawl of suburbs and satellite towns around Paris, disdained by some as a breeding ground for crime and t‚Ä¶ https://t.co/Iil66AyeSS	-0.5423	0.0	0.851	0.149	433
412	Sat Jun 30 16:15:05 +0000 2018	@nytimes	The vast sprawl of suburbs and satellite towns around Paris, disdained by some as a breeding ground for crime and t‚Ä¶ https://t.co/Iil66AyeSS	-0.5423	0.0	0.851	0.149	413
235	Sat Jun 30 16:15:17 +0000 2018	@CNN	Protesters in New York City plan to march over the Brooklyn Bridge https://t.co/dIsMeq6d0A https://t.co/Jc2tBelHxB	-0.2263	0.0	0.872	0.128	236
215	Sat Jun 30 16:15:17 +0000 2018	@CNN	Protesters in New York City plan to march over the Brooklyn Bridge https://t.co/dIsMeq6d0A https://t.co/Jc2tBelHxB	-0.2263	0.0	0.872	0.128	216
234	Sat Jun 30 16:22:00 +0000 2018	@CNN	"""If it can happen to any child, it can happen to my child, and your child, and all of our children,"" says singer Al‚Ä¶ https://t.co/aMfUzzsQxs"	0.0	0.0	1.0	0.0	235
214	Sat Jun 30 16:22:00 +0000 2018	@CNN	"""If it can happen to any child, it can happen to my child, and your child, and all of our children,"" says singer Al‚Ä¶ https://t.co/aMfUzzsQxs"	0.0	0.0	1.0	0.0	215
335	Sat Jun 30 16:23:59 +0000 2018	@FoxNews	‚ÄúFamilies Belong Together‚Äù Marches Taking Place Across the Country; @Garrett_FoxNews reports https://t.co/931yo3wH6x https://t.co/KlgJ1Wm2IR	0.0	0.0	1.0	0.0	336
315	Sat Jun 30 16:23:59 +0000 2018	@FoxNews	‚ÄúFamilies Belong Together‚Äù Marches Taking Place Across the Country; @Garrett_FoxNews reports https://t.co/931yo3wH6x https://t.co/KlgJ1Wm2IR	0.0	0.0	1.0	0.0	316
314	Sat Jun 30 16:26:13 +0000 2018	@FoxNews	Potential SCOTUS Nominees https://t.co/yHmPkmvZuo	0.0	0.0	1.0	0.0	315
334	Sat Jun 30 16:26:13 +0000 2018	@FoxNews	Potential SCOTUS Nominees https://t.co/yHmPkmvZuo	0.0	0.0	1.0	0.0	335
213	Sat Jun 30 16:30:10 +0000 2018	@CNN	Here's a look at where the marches and demonstrations against the Trump administration's immigration policies are h‚Ä¶ https://t.co/szXR1qC4CR	0.0	0.0	1.0	0.0	214
233	Sat Jun 30 16:30:10 +0000 2018	@CNN	Here's a look at where the marches and demonstrations against the Trump administration's immigration policies are h‚Ä¶ https://t.co/szXR1qC4CR	0.0	0.0	1.0	0.0	234
411	Sat Jun 30 16:30:11 +0000 2018	@nytimes	When radio host and comedian John Melendez, known as ‚ÄúStuttering John,‚Äù dialed the White House switchboard imperson‚Ä¶ https://t.co/hca5fIkdTL	0.3818	0.133	0.867	0.0	412
431	Sat Jun 30 16:30:11 +0000 2018	@nytimes	When radio host and comedian John Melendez, known as ‚ÄúStuttering John,‚Äù dialed the White House switchboard imperson‚Ä¶ https://t.co/hca5fIkdTL	0.3818	0.133	0.867	0.0	432
333	Sat Jun 30 16:30:18 +0000 2018	@FoxNews	Restaurant manager fired after refusing to serve customer wearing MAGA hat https://t.co/DPQy9dr5JX	-0.743	0.0	0.613	0.387	334
313	Sat Jun 30 16:30:18 +0000 2018	@FoxNews	Restaurant manager fired after refusing to serve customer wearing MAGA hat https://t.co/DPQy9dr5JX	-0.743	0.0	0.613	0.387	314
332	Sat Jun 30 16:40:36 +0000 2018	@FoxNews	SUNDAY: Don't miss @SenatorDurbin‚Äôs exclusive interview on @FoxNewsSunday. Check your local listings and tune in to‚Ä¶ https://t.co/p5iUT6APrC	0.0191	0.081	0.842	0.077	333
312	Sat Jun 30 16:40:36 +0000 2018	@FoxNews	SUNDAY: Don't miss @SenatorDurbin‚Äôs exclusive interview on @FoxNewsSunday. Check your local listings and tune in to‚Ä¶ https://t.co/p5iUT6APrC	0.0191	0.081	0.842	0.077	313
311	Sat Jun 30 16:42:23 +0000 2018	@FoxNews	Reporter resigns after false tweet that Maryland shooting suspect had MAGA hat https://t.co/J2hLMniieo	-0.5423	0.0	0.71	0.29	312
331	Sat Jun 30 16:42:23 +0000 2018	@FoxNews	Reporter resigns after false tweet that Maryland shooting suspect had MAGA hat https://t.co/J2hLMniieo	-0.5423	0.0	0.71	0.29	332
430	Sat Jun 30 16:45:03 +0000 2018	@nytimes	The United States Senate‚Äôs 3 black members introduced a bill that would make lynching a federal hate crime. https://t.co/GUjdJqg6NF	-0.6597	0.122	0.565	0.313	431
410	Sat Jun 30 16:45:03 +0000 2018	@nytimes	The United States Senate‚Äôs 3 black members introduced a bill that would make lynching a federal hate crime. https://t.co/GUjdJqg6NF	-0.6597	0.122	0.565	0.313	411
232	Sat Jun 30 16:45:07 +0000 2018	@CNN	This mother and daughter are marching to show the importance of family https://t.co/p1DL1TQhOr https://t.co/HVYrBP4Ysw	0.3612	0.161	0.839	0.0	233
212	Sat Jun 30 16:45:07 +0000 2018	@CNN	This mother and daughter are marching to show the importance of family https://t.co/p1DL1TQhOr https://t.co/HVYrBP4Ysw	0.3612	0.161	0.839	0.0	213
330	Sat Jun 30 16:52:24 +0000 2018	@FoxNews	OPINION: With Supreme Court pick, Trump can return us to the framer's vision of the judiciary https://t.co/Iqb0QUVZWE	0.6808	0.272	0.728	0.0	331
310	Sat Jun 30 16:52:24 +0000 2018	@FoxNews	OPINION: With Supreme Court pick, Trump can return us to the framer's vision of the judiciary https://t.co/Iqb0QUVZWE	0.6808	0.272	0.728	0.0	311
231	Sat Jun 30 16:55:18 +0000 2018	@CNN	Atlanta protesters rallying against President Trump's immigration policy are carrying a dog crate with baby dolls i‚Ä¶ https://t.co/XAgazaFoHI	-0.2263	0.0	0.894	0.106	232
211	Sat Jun 30 16:55:18 +0000 2018	@CNN	Atlanta protesters rallying against President Trump's immigration policy are carrying a dog crate with baby dolls i‚Ä¶ https://t.co/XAgazaFoHI	-0.2263	0.0	0.894	0.106	212
309	Sat Jun 30 16:57:36 +0000 2018	@FoxNews	Wisconsin man's plan to 'upskirt' women ruined after shoe camera explodes: police https://t.co/RU02LPEKJc	-0.4767	0.0	0.795	0.205	310
329	Sat Jun 30 16:57:36 +0000 2018	@FoxNews	Wisconsin man's plan to 'upskirt' women ruined after shoe camera explodes: police https://t.co/RU02LPEKJc	-0.4767	0.0	0.795	0.205	330
429	Sat Jun 30 17:00:12 +0000 2018	@nytimes	You may not be a World Cup player. But you could be a spot the ball player. https://t.co/Ny1oKW3iiv https://t.co/Ntoh3ziJI6	0.0	0.0	1.0	0.0	430
409	Sat Jun 30 17:00:12 +0000 2018	@nytimes	You may not be a World Cup player. But you could be a spot the ball player. https://t.co/Ny1oKW3iiv https://t.co/Ntoh3ziJI6	0.0	0.0	1.0	0.0	410
1	Sat Jun 30 17:04:00 +0000 2018	@BBC	"üí™üëï Doing laundry on Fair Isle is not for the faint-hearted!
(via @BBCScotland) https://t.co/EAgT1mt6Ak"	0.3802	0.166	0.834	0.0	2
21	Sat Jun 30 17:04:00 +0000 2018	@BBC	"üí™üëï Doing laundry on Fair Isle is not for the faint-hearted!
(via @BBCScotland) https://t.co/EAgT1mt6Ak"	0.3802	0.166	0.834	0.0	22
230	Sat Jun 30 17:05:14 +0000 2018	@CNN	This couple brought their young children to the New York protest. They're marching so they can be voices for those‚Ä¶ https://t.co/JHRqahl2c0	-0.25	0.0	0.909	0.091	231
210	Sat Jun 30 17:05:14 +0000 2018	@CNN	This couple brought their young children to the New York protest. They're marching so they can be voices for those‚Ä¶ https://t.co/JHRqahl2c0	-0.25	0.0	0.909	0.091	211
308	Sat Jun 30 17:05:16 +0000 2018	@FoxNews	Children shoes are on display during a protest of the Trump administration's approach to illegal border crossings a‚Ä¶ https://t.co/whsSdM48J3	-0.6808	0.0	0.741	0.259	309
328	Sat Jun 30 17:05:16 +0000 2018	@FoxNews	Children shoes are on display during a protest of the Trump administration's approach to illegal border crossings a‚Ä¶ https://t.co/whsSdM48J3	-0.6808	0.0	0.741	0.259	329
327	Sat Jun 30 17:13:00 +0000 2018	@FoxNews	"In an exclusive interview with @MariaBartiromo for @SundayFutures, @POTUS says ""we're doing a Phase 2"" of tax cuts‚Ä¶ https://t.co/XNjh7fRCTk"	0.128	0.081	0.919	0.0	328
307	Sat Jun 30 17:13:00 +0000 2018	@FoxNews	"In an exclusive interview with @MariaBartiromo for @SundayFutures, @POTUS says ""we're doing a Phase 2"" of tax cuts‚Ä¶ https://t.co/XNjh7fRCTk"	0.128	0.081	0.919	0.0	308
428	Sat Jun 30 17:15:07 +0000 2018	@nytimes	"""We are not the enemy,"" said Pat Furgurson, a reporter for The Capital, where 5 people were killed in a shooting on‚Ä¶ https://t.co/VQRqdAYTni"	-0.6705	0.0	0.809	0.191	429
408	Sat Jun 30 17:15:07 +0000 2018	@nytimes	"""We are not the enemy,"" said Pat Furgurson, a reporter for The Capital, where 5 people were killed in a shooting on‚Ä¶ https://t.co/VQRqdAYTni"	-0.6705	0.0	0.809	0.191	409
229	Sat Jun 30 17:15:10 +0000 2018	@CNN	"""I'm outraged that families are being separated,"" says Margaret Stokes, a teacher from Leesburg, Virginia, who is m‚Ä¶ https://t.co/iqu2mI3ZwM"	-0.5423	0.0	0.829	0.171	230
209	Sat Jun 30 17:15:10 +0000 2018	@CNN	"""I'm outraged that families are being separated,"" says Margaret Stokes, a teacher from Leesburg, Virginia, who is m‚Ä¶ https://t.co/iqu2mI3ZwM"	-0.5423	0.0	0.829	0.171	210
326	Sat Jun 30 17:18:14 +0000 2018	@FoxNews	Trump predicts electoral doom for Democrats with ‚Äòabolish ICE‚Äô push: ‚ÄòThey‚Äôre going to get beaten so badly‚Äô https://t.co/2QtQOnaMq6	-0.6705	0.0	0.744	0.256	327
306	Sat Jun 30 17:18:14 +0000 2018	@FoxNews	Trump predicts electoral doom for Democrats with ‚Äòabolish ICE‚Äô push: ‚ÄòThey‚Äôre going to get beaten so badly‚Äô https://t.co/2QtQOnaMq6	-0.6705	0.0	0.744	0.256	307
228	Sat Jun 30 17:25:06 +0000 2018	@CNN	She was arrested at the US Capitol this week. Today, she's marching again. https://t.co/KnLeCdY0tl https://t.co/bj5zaUB7Dt	-0.4767	0.0	0.819	0.181	229
208	Sat Jun 30 17:25:06 +0000 2018	@CNN	She was arrested at the US Capitol this week. Today, she's marching again. https://t.co/KnLeCdY0tl https://t.co/bj5zaUB7Dt	-0.4767	0.0	0.819	0.181	209
407	Sat Jun 30 17:26:20 +0000 2018	@nytimes	RT @NYTNational: We spent some time in Alabama with L.G.B.T. communities who are fighting for greater visibility and acceptance. https://t.‚Ä¶	0.4588	0.22	0.68	0.1	408
427	Sat Jun 30 17:26:20 +0000 2018	@nytimes	RT @NYTNational: We spent some time in Alabama with L.G.B.T. communities who are fighting for greater visibility and acceptance. https://t.‚Ä¶	0.4588	0.22	0.68	0.1	428
426	Sat Jun 30 17:30:07 +0000 2018	@nytimes	President Trump tweeted that Saudi Arabia might raise production to up to 2 million barrels a day https://t.co/5XxnZks1Wn	0.0	0.0	1.0	0.0	427
406	Sat Jun 30 17:30:07 +0000 2018	@nytimes	President Trump tweeted that Saudi Arabia might raise production to up to 2 million barrels a day https://t.co/5XxnZks1Wn	0.0	0.0	1.0	0.0	407
325	Sat Jun 30 17:30:12 +0000 2018	@FoxNews	.@Schwarzenegger Scolds Trump Bobblehead about 'Foolish' Coal Efforts in Climate Change Video https://t.co/w7C6xqul3X	0.0	0.0	1.0	0.0	326
305	Sat Jun 30 17:30:12 +0000 2018	@FoxNews	.@Schwarzenegger Scolds Trump Bobblehead about 'Foolish' Coal Efforts in Climate Change Video https://t.co/w7C6xqul3X	0.0	0.0	1.0	0.0	306
227	Sat Jun 30 17:35:07 +0000 2018	@CNN	"""I feel I must do something, anything to not be a bystander to such injustice,"" says Samuel Rubinstein, who is marc‚Ä¶ https://t.co/eUcdf2nI6M"	0.0	0.0	1.0	0.0	228
207	Sat Jun 30 17:35:07 +0000 2018	@CNN	"""I feel I must do something, anything to not be a bystander to such injustice,"" says Samuel Rubinstein, who is marc‚Ä¶ https://t.co/eUcdf2nI6M"	0.0	0.0	1.0	0.0	208
425	Sat Jun 30 17:35:28 +0000 2018	@nytimes	RT @anniecorreal: As protesters around the country demand the reunification of parents and children, here‚Äôs the story of one of the few mot‚Ä¶	-0.34	0.0	0.861	0.139	426
405	Sat Jun 30 17:35:28 +0000 2018	@nytimes	RT @anniecorreal: As protesters around the country demand the reunification of parents and children, here‚Äôs the story of one of the few mot‚Ä¶	-0.34	0.0	0.861	0.139	406
304	Sat Jun 30 17:41:27 +0000 2018	@FoxNews	.@SenWarren, speaks during a Rally Against Separation in Boston, MA. https://t.co/ra8PqCyXST https://t.co/ArJeEePe9u	0.0	0.0	1.0	0.0	305
324	Sat Jun 30 17:41:27 +0000 2018	@FoxNews	.@SenWarren, speaks during a Rally Against Separation in Boston, MA. https://t.co/ra8PqCyXST https://t.co/ArJeEePe9u	0.0	0.0	1.0	0.0	325
404	Sat Jun 30 17:45:05 +0000 2018	@nytimes	Many on the left have traded an absolutist commitment to free speech for one sensitive to the harms it can inflict  https://t.co/Xro7MDPGHQ	0.4019	0.21	0.676	0.114	405
424	Sat Jun 30 17:45:05 +0000 2018	@nytimes	Many on the left have traded an absolutist commitment to free speech for one sensitive to the harms it can inflict  https://t.co/Xro7MDPGHQ	0.4019	0.21	0.676	0.114	425
206	Sat Jun 30 17:45:24 +0000 2018	@CNN	These children wrote letters to kids separated from their families https://t.co/iF0SFwhyI0 https://t.co/QcezGt8BDU	0.0	0.0	1.0	0.0	207
226	Sat Jun 30 17:45:24 +0000 2018	@CNN	These children wrote letters to kids separated from their families https://t.co/iF0SFwhyI0 https://t.co/QcezGt8BDU	0.0	0.0	1.0	0.0	227
403	Sat Jun 30 17:53:44 +0000 2018	@nytimes	Portugal, and one of the best players of the tournament, Cristiano Ronaldo, faces off against Uruguay and another o‚Ä¶ https://t.co/H0wjp7ud62	0.6369	0.181	0.819	0.0	404
423	Sat Jun 30 17:53:44 +0000 2018	@nytimes	Portugal, and one of the best players of the tournament, Cristiano Ronaldo, faces off against Uruguay and another o‚Ä¶ https://t.co/H0wjp7ud62	0.6369	0.181	0.819	0.0	424
225	Sat Jun 30 17:55:22 +0000 2018	@CNN	"""This moment is a moral crisis for our country."" Democratic Sen. Elizabeth Warren, speaking to demonstrators in Bos‚Ä¶ https://t.co/JluoXEwRK2"	-0.6249	0.0	0.806	0.194	226
205	Sat Jun 30 17:55:22 +0000 2018	@CNN	"""This moment is a moral crisis for our country."" Democratic Sen. Elizabeth Warren, speaking to demonstrators in Bos‚Ä¶ https://t.co/JluoXEwRK2"	-0.6249	0.0	0.806	0.194	206
323	Sat Jun 30 17:56:57 +0000 2018	@FoxNews	Hundreds of thousands rally nationwide for illegal immigrant families separated at border https://t.co/d7ABXanARJ	-0.5574	0.0	0.769	0.231	324
303	Sat Jun 30 17:56:57 +0000 2018	@FoxNews	Hundreds of thousands rally nationwide for illegal immigrant families separated at border https://t.co/d7ABXanARJ	-0.5574	0.0	0.769	0.231	304
402	Sat Jun 30 18:00:05 +0000 2018	@nytimes	As President Trump consolidates power, Democrats face a moment of extraordinary conflict, with an activist wing pus‚Ä¶ https://t.co/MzSc58nSuF	-0.3182	0.0	0.874	0.126	403
422	Sat Jun 30 18:00:05 +0000 2018	@nytimes	As President Trump consolidates power, Democrats face a moment of extraordinary conflict, with an activist wing pus‚Ä¶ https://t.co/MzSc58nSuF	-0.3182	0.0	0.874	0.126	423
421	Sat Jun 30 18:04:40 +0000 2018	@nytimes	"In Opinion

The editorial board writes, ""The Trump administration has committed a gross offense. It is the duty of‚Ä¶ https://t.co/N3HE1McTMH"	-0.4588	0.091	0.69	0.22	422
401	Sat Jun 30 18:04:40 +0000 2018	@nytimes	"In Opinion

The editorial board writes, ""The Trump administration has committed a gross offense. It is the duty of‚Ä¶ https://t.co/N3HE1McTMH"	-0.4588	0.091	0.69	0.22	402
204	Sat Jun 30 18:05:20 +0000 2018	@CNN	Democratic Rep. Joe Kennedy III vows to fight President Trump's immigration policies https://t.co/txzfCAsoia https://t.co/8hFIqaCLuy	-0.3818	0.0	0.833	0.167	205
224	Sat Jun 30 18:05:20 +0000 2018	@CNN	Democratic Rep. Joe Kennedy III vows to fight President Trump's immigration policies https://t.co/txzfCAsoia https://t.co/8hFIqaCLuy	-0.3818	0.0	0.833	0.167	225
223	Sat Jun 30 18:10:00 +0000 2018	@CNN	Crowds of people are gathering in downtown Los Angeles right now to protest against the Trump administration's immi‚Ä¶ https://t.co/mF3pgubpLg	-0.25	0.0	0.9	0.1	224
203	Sat Jun 30 18:10:00 +0000 2018	@CNN	Crowds of people are gathering in downtown Los Angeles right now to protest against the Trump administration's immi‚Ä¶ https://t.co/mF3pgubpLg	-0.25	0.0	0.9	0.1	204
20	Sat Jun 30 18:12:00 +0000 2018	@BBC	"üò®üëÄ This AI software uses wireless signals to watch you... even through walls.
(via @BBCClick) https://t.co/T7ne9ZYpX0"	0.0	0.0	1.0	0.0	21
0	Sat Jun 30 18:12:00 +0000 2018	@BBC	"üò®üëÄ This AI software uses wireless signals to watch you... even through walls.
(via @BBCClick) https://t.co/T7ne9ZYpX0"	0.0	0.0	1.0	0.0	1
302	Sat Jun 30 18:14:55 +0000 2018	@FoxNews	#FamiliesBelongTogether rallies demanding reunification of immigrant families and an ‚Äúend to family separation and‚Ä¶ https://t.co/jIjRNvHs90	-0.2263	0.0	0.881	0.119	303
322	Sat Jun 30 18:14:55 +0000 2018	@FoxNews	#FamiliesBelongTogether rallies demanding reunification of immigrant families and an ‚Äúend to family separation and‚Ä¶ https://t.co/jIjRNvHs90	-0.2263	0.0	0.881	0.119	323
400	Sat Jun 30 18:15:01 +0000 2018	@nytimes	Uruguay took a 1-0 lead over Portugal with a header goal by Edinson Cavani in the 7th minute https://t.co/g05nqQDrxw	0.0	0.0	1.0	0.0	401
420	Sat Jun 30 18:15:01 +0000 2018	@nytimes	Uruguay took a 1-0 lead over Portugal with a header goal by Edinson Cavani in the 7th minute https://t.co/g05nqQDrxw	0.0	0.0	1.0	0.0	421
222	Sat Jun 30 18:16:05 +0000 2018	@CNN	"""Look at ICE (U.S. Immigration and Customs Enforcement), what a group of incompetents. At this point they're focuse‚Ä¶ https://t.co/U7SY3Cm5HK"	0.0	0.0	1.0	0.0	223
202	Sat Jun 30 18:16:05 +0000 2018	@CNN	"""Look at ICE (U.S. Immigration and Customs Enforcement), what a group of incompetents. At this point they're focuse‚Ä¶ https://t.co/U7SY3Cm5HK"	0.0	0.0	1.0	0.0	203
221	Sat Jun 30 18:20:47 +0000 2018	@CNN	"""There are good people who are going to help you find your families again."" At immigration rally in Washington, D.C‚Ä¶ https://t.co/cKew9AKVb4"	0.6808	0.228	0.772	0.0	222
201	Sat Jun 30 18:20:47 +0000 2018	@CNN	"""There are good people who are going to help you find your families again."" At immigration rally in Washington, D.C‚Ä¶ https://t.co/cKew9AKVb4"	0.6808	0.228	0.772	0.0	202
301	Sat Jun 30 18:21:00 +0000 2018	@FoxNews	An all-new season of 'OBJECTified' premieres this Sunday with NBA legend @MagicJohnson! Tune in to Fox News Channel‚Ä¶ https://t.co/KLnJmRoa91	0.0	0.0	1.0	0.0	302
321	Sat Jun 30 18:21:00 +0000 2018	@FoxNews	An all-new season of 'OBJECTified' premieres this Sunday with NBA legend @MagicJohnson! Tune in to Fox News Channel‚Ä¶ https://t.co/KLnJmRoa91	0.0	0.0	1.0	0.0	322
320	Sat Jun 30 18:21:04 +0000 2018	@FoxNews	".@RepJeffDenham: ""Abolishing ICE - that's just crazy."" https://t.co/0rJNX7U1NG"	0.0	0.0	1.0	0.0	321
300	Sat Jun 30 18:21:04 +0000 2018	@FoxNews	".@RepJeffDenham: ""Abolishing ICE - that's just crazy."" https://t.co/0rJNX7U1NG"	0.0	0.0	1.0	0.0	301
200	Sat Jun 30 18:25:05 +0000 2018	@CNN	"This Knoxville family wants the White House to know they ""really do care"" https://t.co/JVJFmFX9WF https://t.co/cvmKcKEUOD"	0.539	0.199	0.801	0.0	201
220	Sat Jun 30 18:25:05 +0000 2018	@CNN	"This Knoxville family wants the White House to know they ""really do care"" https://t.co/JVJFmFX9WF https://t.co/cvmKcKEUOD"	0.539	0.199	0.801	0.0	221
194	Sun Jun 10 15:00:01 +0000 2018	@CBS	Tonight's the night! Join @etnow's @DDirecto on the #TonyAwards' red carpet starting at 5PM ET! https://t.co/hZLOSiIRAT	0.4184	0.157	0.843	0.0	195
193	Sun Jun 10 22:01:25 +0000 2018	@CBS	The hosts have arrived! We're LIVE with @SaraBareilles, @joshgroban and more on the #TonyAwards red carpet hosted b‚Ä¶ https://t.co/NtarbgywLe	0.0	0.0	1.0	0.0	194
192	Sun Jun 10 23:18:15 +0000 2018	@CBS	‚ú® @thegoodfight's Christine Baranski has arrived on the #TonyAwards red carpet! Watch LIVE at 8/7c on CBS! https://t.co/XnXAnPtRrc	0.0	0.0	1.0	0.0	193
191	Sun Jun 10 23:59:00 +0000 2018	@CBS	Grab your popcorn... it's time for the #TonyAwards! Go and stream the entire show now: https://t.co/Wo1algQHix https://t.co/JGYTk4NPDN	0.0	0.0	1.0	0.0	192
129	Sun Jun 17 13:00:01 +0000 2018	@CBS	Today and every day we celebrate their love, guidance, and support. Happy #FathersDay to every kind of dad! https://t.co/Wffax1khBH	0.9392	0.493	0.507	0.0	130
109	Sun Jun 17 13:00:01 +0000 2018	@CBS	Today and every day we celebrate their love, guidance, and support. Happy #FathersDay to every kind of dad! https://t.co/Wffax1khBH	0.9392	0.493	0.507	0.0	110
132	Thu Jun 14 16:19:32 +0000 2018	@CBS	RT @StrangeAngel: Mastermind or maniac? Explore the brilliant mind of Jack Parsons in #StrangeAngel. Now streaming on CBS All Access: https‚Ä¶	0.1779	0.147	0.734	0.12	133
112	Thu Jun 14 16:19:32 +0000 2018	@CBS	RT @StrangeAngel: Mastermind or maniac? Explore the brilliant mind of Jack Parsons in #StrangeAngel. Now streaming on CBS All Access: https‚Ä¶	0.1779	0.147	0.734	0.12	113
131	Thu Jun 14 17:30:00 +0000 2018	@CBS	In case you missed it, watch the entire #TonyAwards now: https://t.co/Bm0yNV3Ff3 https://t.co/h3YnFkmSQJ	-0.296	0.0	0.833	0.167	132
111	Thu Jun 14 17:30:00 +0000 2018	@CBS	In case you missed it, watch the entire #TonyAwards now: https://t.co/Bm0yNV3Ff3 https://t.co/h3YnFkmSQJ	-0.296	0.0	0.833	0.167	112
125	Thu Jun 21 23:29:50 +0000 2018	@CBS	Lights, camera, selfie! üì∏¬†Could there be a better photo for #NationalSelfieDay? https://t.co/14Ewx64yKC	0.4926	0.242	0.758	0.0	126
105	Thu Jun 21 23:29:50 +0000 2018	@CBS	Lights, camera, selfie! üì∏¬†Could there be a better photo for #NationalSelfieDay? https://t.co/14Ewx64yKC	0.4926	0.242	0.758	0.0	106
61	Thu Jun 28 07:01:02 +0000 2018	@BBC	"How do you convince millions of people living off-grid in India to embrace solar power?
#BBCTakingTheTemperature https://t.co/VmIq95ebZb"	0.5106	0.223	0.777	0.0	62
60	Thu Jun 28 07:25:04 +0000 2018	@BBC	"What would happen if we knew when and how we were going to die?
üëâ https://t.co/S0q9fwOYBs https://t.co/tLLJOAjuZX"	-0.5994	0.0	0.794	0.206	61
59	Thu Jun 28 08:01:07 +0000 2018	@BBC	Minimalism is not just about having few possessions. https://t.co/0rRvrVm6Sz	0.0	0.0	1.0	0.0	60
58	Thu Jun 28 10:12:00 +0000 2018	@BBC	"Plastic. It‚Äôs durable, dependable and virtually indestructible.

#PlasticsAction https://t.co/4wNNoNfvPt"	0.1531	0.167	0.833	0.0	59
57	Thu Jun 28 11:16:03 +0000 2018	@BBC	ü¶î A hedgehog which it is thought could be the world's fattest has been placed on a strict diet and exercise regime.‚Ä¶ https://t.co/351IQDFz3F	0.0	0.0	1.0	0.0	58
56	Thu Jun 28 11:47:05 +0000 2018	@BBC	"RT @BBCNews: Prince William is expected to visit his great-grandmother's grave in Jerusalem.

She was Princess Alice of Greece, who helped‚Ä¶"	-0.3818	0.0	0.885	0.115	57
55	Thu Jun 28 12:02:08 +0000 2018	@BBC	üò≤ Raghda Ezzeldin can hold her breath under water for more than five minutes! https://t.co/x8hOifrjWI	0.0	0.0	1.0	0.0	56
54	Thu Jun 28 13:00:23 +0000 2018	@BBC	Narcissists might be irritating attention seekers - but they are also *annoyingly* likely to be successful, accordi‚Ä¶ https://t.co/yguYXaIv0d	0.6369	0.234	0.676	0.09	55
53	Thu Jun 28 15:22:37 +0000 2018	@BBC	RT @BBCR1: TONIGHT Elton John (@eltonofficial) picks the Party Playlist for @AnnieMac - you don't want to miss this! Expect Aretha, Rihanna‚Ä¶	0.4963	0.188	0.761	0.052	54
52	Thu Jun 28 15:52:28 +0000 2018	@BBC	"RT @BBC6Music: If you could pick just one Erykah Badu (@fatbellybella) tune, which would you choose?

Here's @JanelleMonae on one - maybe t‚Ä¶"	0.0	0.0	1.0	0.0	53
51	Thu Jun 28 16:00:25 +0000 2018	@BBC	"Half of all people who drown never intended to be in the water.

Knowing this could save a life üëá https://t.co/94IezeCREn"	-0.128	0.134	0.711	0.155	52
50	Thu Jun 28 16:13:35 +0000 2018	@BBC	RT @bbcthree: Housemates who never take the bins out? A girlfriend who keeps forgetting your name? Let Uncle @RomeshRanga help https://t.co‚Ä¶	0.4696	0.139	0.861	0.0	51
49	Thu Jun 28 18:02:05 +0000 2018	@BBC	Can changing your body change your life? https://t.co/be3u67fFFS	0.0	0.0	1.0	0.0	50
48	Thu Jun 28 19:05:04 +0000 2018	@BBC	Tesla chief executive Elon Musk has been accused of using an image of a farting unicorn for his business without pe‚Ä¶ https://t.co/kbq6rFYcrM	-0.296	0.0	0.901	0.099	49
113	Tue Jun 12 00:19:23 +0000 2018	@CBS	No pain, no gain, ALL Hart! Just one month until the premiere of @TKOCBS hosted by @KevinHart4real. https://t.co/C1yMCglxVn	-0.5562	0.134	0.551	0.315	114
133	Tue Jun 12 00:19:23 +0000 2018	@CBS	No pain, no gain, ALL Hart! Just one month until the premiere of @TKOCBS hosted by @KevinHart4real. https://t.co/C1yMCglxVn	-0.5562	0.134	0.551	0.315	134
92	Tue Jun 26 07:00:12 +0000 2018	@BBC	üíï Julie is the childcare champion in the heart of the Gorbals. https://t.co/LcdEhzyTBG	0.5994	0.262	0.738	0.0	93
91	Tue Jun 26 07:26:08 +0000 2018	@BBC	Seabirds are starving to death on the remote Lord Howe Island, a crew filming for the @BBCOne documentary‚Ä¶ https://t.co/XHDOBZn5Yb	-0.7717	0.0	0.705	0.295	92
90	Tue Jun 26 08:00:16 +0000 2018	@BBC	Turns out you're biased in all sorts of ways you may not realise. https://t.co/yZ0ziOfX2L	-0.2732	0.0	0.861	0.139	91
89	Tue Jun 26 09:30:00 +0000 2018	@BBC	"üåç‚ôªÔ∏èüí•üëä
What will your #PlasticsAction be? https://t.co/QQ1ZBgNyZN"	0.0	0.0	1.0	0.0	90
88	Tue Jun 26 11:02:03 +0000 2018	@BBC	"üçïüíê Would you say 'I dough' to this pizza bouquet?
üëâ https://t.co/HqnBOtPZlN https://t.co/BJqFMcpWKv"	0.0	0.0	1.0	0.0	89
87	Tue Jun 26 12:02:04 +0000 2018	@BBC	"Activist
Poet
Director
Actor
Writer...

...and inspiration https://t.co/oOpo1fJV5K"	0.5267	0.327	0.673	0.0	88
86	Tue Jun 26 12:58:04 +0000 2018	@BBC	"üöÑüòΩüéÄ Japan has unveiled a pink bullet train themed around the cartoon character #HelloKitty.
üëâ‚Ä¶ https://t.co/uPA1cevSHt"	0.0	0.0	1.0	0.0	87
85	Tue Jun 26 13:12:16 +0000 2018	@BBC	"RT @BBCR1: Happy Birthday, @ArianaGrande! üéà‚ú®

Here's a throwback to her offering some 10/10 relationship advice to callers on @R1Breakfast‚Ä¶"	0.6114	0.182	0.818	0.0	86
84	Tue Jun 26 14:32:33 +0000 2018	@BBC	RT @BBCRadio2: To celebrate the anniversary of 1988's second Summer of Love, @djgarydavies, @ZoeTheBall, and @MsAnaMatronic are heading to‚Ä¶	0.836	0.317	0.683	0.0	85
83	Tue Jun 26 14:52:03 +0000 2018	@BBC	"RT @BBCWales: #ToProvideAllPeople: A star-studded film written by @OwenSheers to mark #NHS70.

Starring @MichaelSheen, @TeamEveMyles, @Pack‚Ä¶"	0.0	0.0	1.0	0.0	84
82	Tue Jun 26 16:00:15 +0000 2018	@BBC	üçÖ You can grow tomatoes in Iceland?!   https://t.co/ndmcf1SL8y	0.0	0.0	1.0	0.0	83
81	Tue Jun 26 16:33:41 +0000 2018	@BBC	"RT @bbcwritersroom: Tomorrow, Wednesday 27th June is #NationalWritingDay! @writeday

As part of the events we're running a live Twitter Q&amp;A‚Ä¶"	0.0	0.0	1.0	0.0	82
80	Tue Jun 26 17:02:02 +0000 2018	@BBC	How would you feel if the builder only made you half a house? https://t.co/yaWB0USzex	0.0	0.0	1.0	0.0	81
79	Tue Jun 26 18:03:06 +0000 2018	@BBC	"Tonight, @itsanitarani and @bbcnickrobinson ask tough questions about the NHS in a special live event. 

 NHS at 70‚Ä¶ https://t.co/Wu4ECf7qic"	0.296	0.134	0.792	0.074	80
78	Tue Jun 26 19:05:08 +0000 2018	@BBC	"üòéüî•üç¶ Hot temperatures in the UK are expected to last until the weekend.
üëâ https://t.co/ZhZVaKJuqf

#HeatwaveUK https://t.co/smTw2ule2v"	0.0	0.0	1.0	0.0	79
77	Tue Jun 26 21:20:15 +0000 2018	@BBC	"RT @BBC6Music: Did @kanyewest and @theweeknd ""blatantly"" rip off @nineinchnails' live show?

Weds, Noon BST: Nine Inch Nails' @trent_reznor‚Ä¶"	0.0	0.0	1.0	0.0	78
126	Wed Jun 20 00:39:01 +0000 2018	@CBS	There‚Äôs nothing quite like watching a contestant win a brand new car on @PriceIsRight. üëè  https://t.co/aKlFikYAMM	0.3555	0.222	0.642	0.136	127
106	Wed Jun 20 00:39:01 +0000 2018	@CBS	There‚Äôs nothing quite like watching a contestant win a brand new car on @PriceIsRight. üëè  https://t.co/aKlFikYAMM	0.3555	0.222	0.642	0.136	107
76	Wed Jun 27 07:01:05 +0000 2018	@BBC	Inside the community where people with learning disabilities and the people who care for them live and work togethe‚Ä¶ https://t.co/LurfYqtc84	0.4939	0.144	0.856	0.0	77
75	Wed Jun 27 07:29:04 +0000 2018	@BBC	üò¥ The colour cyan - between green and blue - is a hidden factor in encouraging or preventing sleep, according to bi‚Ä¶ https://t.co/HogBXzm2Y5	0.5106	0.158	0.791	0.051	76
74	Wed Jun 27 08:01:05 +0000 2018	@BBC	üëü @MumsnetTowers founder @Justine_Roberts on why you should always wear trainers to work. https://t.co/FgTPRo5Agm	0.0	0.0	1.0	0.0	75
73	Wed Jun 27 08:47:40 +0000 2018	@BBC	RT @BBCArchive: Computer geeks - this is your lucky day! You can now watch all 146 original programmes and run 161 programs from the 1980s‚Ä¶	0.6114	0.194	0.756	0.05	74
72	Wed Jun 27 09:30:20 +0000 2018	@BBC	"üòê This is what happens when you hire an arts and crafts teacher to freshen up a 16th-Century wooden sculpture.
üëâ‚Ä¶ https://t.co/qVNcgsGM8C"	0.0	0.0	1.0	0.0	73
71	Wed Jun 27 11:03:04 +0000 2018	@BBC	"ü¶îüßô Did you know people used to think hedgehogs were witches?

Here are nine things you might not know about the hum‚Ä¶ https://t.co/Wj7a5idS4m"	0.0	0.0	1.0	0.0	72
70	Wed Jun 27 11:39:52 +0000 2018	@BBC	"RT @BBCBreakfast: Dear Summer, ‚òÄÔ∏è
We're enjoying this lovely weather. Can you stay?
Lots of love - The entire UK x
#heatwave https://t.co/g‚Ä¶"	0.9403	0.464	0.536	0.0	71
69	Wed Jun 27 11:52:00 +0000 2018	@BBC	‚òïÔ∏è How a simple change is cutting coffee cup waste https://t.co/kkbcSZvFn3	-0.5106	0.0	0.65	0.35	70
68	Wed Jun 27 13:05:07 +0000 2018	@BBC	"French butchers have written to the government asking for protection against militant vegans.
üëâ‚Ä¶ https://t.co/6pgMQ46tUR"	0.0	0.0	1.0	0.0	69
121	Wed Jun 27 14:00:01 +0000 2018	@CBS	"It looks like you...

(‚Ä¢_‚Ä¢)
( ‚Ä¢_‚Ä¢)&gt;‚åê‚ñ†-‚ñ†
(‚åê‚ñ†_‚ñ†)

Have a lot of TV to watch!

Celebrate #NationalSunglassesDay with H‚Ä¶ https://t.co/Babt4ajIgV"	0.7574	0.289	0.711	0.0	122
101	Wed Jun 27 14:00:01 +0000 2018	@CBS	"It looks like you...

(‚Ä¢_‚Ä¢)
( ‚Ä¢_‚Ä¢)&gt;‚åê‚ñ†-‚ñ†
(‚åê‚ñ†_‚ñ†)

Have a lot of TV to watch!

Celebrate #NationalSunglassesDay with H‚Ä¶ https://t.co/Babt4ajIgV"	0.7574	0.289	0.711	0.0	102
67	Wed Jun 27 14:42:13 +0000 2018	@BBC	RT @bbccomedy: Some writing advice from an expert... #NationalWritingDay @RealMattLucas @davidwalliams https://t.co/lz2MQzpvKY	0.0	0.0	1.0	0.0	68
66	Wed Jun 27 15:09:27 +0000 2018	@BBC	"üï∫ *Knight Fever* 

Bee Gee Sir Barry Gibb paid tribute to his late brothers as he collected his knighthood on Tuesd‚Ä¶ https://t.co/LLIHYKRfhR"	0.0	0.0	1.0	0.0	67
65	Wed Jun 27 16:04:05 +0000 2018	@BBC	Something deadly lies beneath the ice in Iceland... https://t.co/IqWwmtfTkk	-0.4215	0.0	0.741	0.259	66
64	Wed Jun 27 18:00:25 +0000 2018	@BBC	üéß Can you believe DJ Switch only started DJ-ing a year ago? https://t.co/b5CY3vEX7Q	0.0	0.0	1.0	0.0	65
63	Wed Jun 27 19:02:01 +0000 2018	@BBC	"üòÇ  @Cher's ""criminal"" past is üò≥...
#TheGNShow https://t.co/O3bSFbOaO9"	0.0	0.0	1.0	0.0	64
62	Wed Jun 27 20:01:05 +0000 2018	@BBC	"A raw and unfiltered insight into the bloodiest conflict since the Second World War.

Storyville: This is Congo | 1‚Ä¶ https://t.co/8biUiR6fAI"	-0.7351	0.0	0.733	0.267	63
120	Wed Jun 27 20:31:32 +0000 2018	@CBS	What‚Äôs summer without @CBSBigBrother? ‚òÄÔ∏è RT if you‚Äôre counting down the hours to the #BB20 premiere TONIGHT at 8/7c‚Ä¶ https://t.co/Xp1s4Fp5J8	0.0	0.0	1.0	0.0	121
100	Wed Jun 27 20:31:32 +0000 2018	@CBS	What‚Äôs summer without @CBSBigBrother? ‚òÄÔ∏è RT if you‚Äôre counting down the hours to the #BB20 premiere TONIGHT at 8/7c‚Ä¶ https://t.co/Xp1s4Fp5J8	0.0	0.0	1.0	0.0	101
